;Descrição;Preço;TotalReviews;Loja;Categoria;Armazenamento
290;Smartphone Multilaser F Pro 4G 16GB Android 9 Preto - P9118;517.11;61.0;Amazon;Smartphone;16gb
297;Smartphone Nokia C2 16GB + 16GB Cartão de Memória 1GB RAM Tela de 5,7 Pol. HD+ Câmera Traseira 5MP + Flash Frontal Verde Ciano NK011;718.9;36.0;Amazon;Smartphone;16gb
421;Telefone, Smartphone, 2GB + 16GB 5MP + 2MP Câmera 3G Cartão SIM para presente Android(verde);698.39;0.0;Amazon;Smartphone;16gb
438;Telefone, Smartphone, 2GB + 16GB 5MP + 2MP Câmera 3G Cartão SIM para presente Android(Branco);698.69;0.0;Amazon;Smartphone;16gb
449;Telefone, Smartphone, 2GB + 16GB 5MP + 2MP Câmera 3G Cartão SIM para presente Android(azul);699.29;0.0;Amazon;Smartphone;16gb
464;Telefone, Smartphone, 2GB + 16GB 5MP + 2MP Câmera 3G Cartão SIM para presente Android(Preto);698.39;0.0;Amazon;Smartphone;16gb
1411;"Smartphone Samsung Galaxy J4 Core 16GB Nano Chip Android Tela 6"" Quad-Core 1.4GHz 4G Câmera 8MP - Cobre";1299.0;369.0;Americanas;Smartphone;16gb
1448;"Smartphone LG K8+ 16GB Dual Chip Android 7.0 Pie Tela 5.4"" 4G Câmera 8MP - Azul";749.0;66.0;Americanas;Smartphone;16gb
1468;"Smartphone Samsung Galaxy J2 Core 16GB Dual Chip Android Go 8.1 Tela 5"" Quad-Core 4G Câmera 8MP - Violeta";1500.0;38.0;Americanas;Smartphone;16gb
1481;"Smartphone LG K8+ 16GB Dual Chip Android 7.0 Pie Tela 5.4"" 4G Câmera 8MP - Preto";899.0;75.0;Americanas;Smartphone;16gb
1483;"Smartphone LG K8 Dual Chip Android Tela 5"" Quadcore 16GB 4G Wi-Fi Câmera 13MP - Indigo";1049.4;23.0;Americanas;Smartphone;16gb
2542;"Smartphone TCL L5, Preto, Tela de 5"", 4G+Wi-Fi, Android 8, Câm. Tras. de 8MP, Frontal de 5MP, 16GB";909.0;0.0;Casas Bahia;Smartphone;16gb
2552;Smartphone Multilaser E Lite P9099 Preto com 16GB, Tela 4”, Android 8.1, Dual Chip, Câmera 5MP, 3G, Bluetooth e Processador Quad core;399.0;1.0;Casas Bahia;Smartphone;16gb
2636;Smartphone Multilaser F Pro 4G 16GB + 1GB RAM Android 9 Dual Chip Preto - P9118;1769.0;0.0;Casas Bahia;Smartphone;16gb
3591;Smartphone Nokia C2 16GB + 16GB Preto 4G 1GB RAM;539.1;10.0;Magazine Luiza;Smartphone;16gb
246;Smartphone LG K41S 32GB, RAM de 3GB, Tela de 6,5” V- Notch, Câmera Quádrupla e Processador Octa-Core 2.0, Titanium;799.0;1371.0;Amazon;Smartphone;32gb
258;Smartphone Xiaomi Redmi 9a 32gb 2gb Ram 4 Câmeras Azul;829.0;96.0;Amazon;Smartphone;32gb
261;Smartphone LG K22 , 2GB/32GB, Tela de 6, Câmera Dupla 13Mp+2Mp, Selfie de 5Mp, Processador Qualcomm QM215 , Bateria 3,000mAh , Titanium;889.0;703.0;Amazon;Smartphone;32gb
271;Smartphone Motorola Moto E6i 32GB Cinza - 4G 2GB RAM Tela 6,1” Câm. Dupla + Selfie 5MP;749.0;5.0;Amazon;Smartphone;32gb
276;"Celular Xiaomi Redmi 9A Versão Global 32gb / 2gb Ram/Tela 6.53"" - Preto";829.0;869.0;Amazon;Smartphone;32gb
278;"Celular Motorola Moto E6s Cinza Titanium 32gb Tela 6.1"" 2gb Ram Câmera Dupla 13mp + 2mp";729.88;76.0;Amazon;Smartphone;32gb
283;Smartphone Xiaomi Redmi 9A 2/32GB - Azul;849.99;1632.0;Amazon;Smartphone;32gb
295;"Smartphone Samsung Galaxy A01 Core 32GB 2GB RAM Tela Infinita de 5.3"" Preto";789.0;29.0;Amazon;Smartphone;32gb
298;"Smartphone Samsung Galaxy A01 Core 32GB Tela 5.3"" Camera 8MP Preto";899.97;106.0;Amazon;Smartphone;32gb
306;SMARTPHONE XIAOMI REDMI 9A 2RAM 32GB AZUL;850.0;332.0;Amazon;Smartphone;32gb
331;Smartphone Positivo Twist 3 Fit S509C 32GB Dual Chip 5” - Dourado;524.9;543.0;Amazon;Smartphone;32gb
334;Smartphone Multilaser G Pro 2 32GB + 2GB RAM 4G Tela 6,5 Câmera Tripla + 8 MP para selfies Processador Octa Core Preto - P9125;675.0;11.0;Amazon;Smartphone;32gb
336;Smartphone Motorola Moto E6i 32GB Pink - 4G 2GB RAM Tela 6,1” Câm. Dupla + Selfie 5MP;719.0;23.0;Amazon;Smartphone;32gb
338;Smartphone Samsung Galaxy A02 32GB 13MP 6.5 Quad Core Preto;886.38;14.0;Amazon;Smartphone;32gb
342;"Smartphone Positivo Twist 4G S509 32GB Dual Chip 5"" - Vermelho";589.0;3.0;Amazon;Smartphone;32gb
344;Smartphone Realme C11 32GB 4G Wi-Fi Tela 6.5'' Cinza;685.0;0.0;Amazon;Smartphone;32gb
358;Kit Celular Obabox - Obasmart 3 Dourado 32GB + Fone + Película + Capinha;947.5;9.0;Amazon;Smartphone;32gb
359;Kit Obasmart 3 32gb Fone + Capinha + Película - Smartphone com letras grandes Original Obabox;997.5;0.0;Amazon;Smartphone;32gb
360;"Smartphone Samsung Galaxy A01 32GB Tela 5.7"" Camera 13MP Azul";859.9;90.0;Amazon;Smartphone;32gb
363;"Smartphone Samsung Galaxy A10s Dual Chip Android Tela 6,2"" Octa-Core 2GHz 32GB 4G Câmera 13MP + 2MP - Preto Absurdo";1099.0;0.0;Amazon;Smartphone;32gb
365;"CELULAR SMARTPHONE MULTI G 4G 32GB TELA 5.5"" OCTA CORE SENSOR DE DIGITAIS Multilaser P9133 DOURADO";698.9;3.0;Amazon;Smartphone;32gb
375;Smartphone Multilaser G Max 4G 32GB Tela 6.0 Pol. Octa Core Android 9.0 GO Preto - P9107;538.0;34.0;Amazon;Smartphone;32gb
378;Smartphone Multilaser G Max 4G 32GB Tela 6.0 Pol. Octa Core Android 9.0 GO Dourado - P9108;872.39;27.0;Amazon;Smartphone;32gb
379;Celular para idoso original Obabox Obasmart 3 Dourado 32gb Fone + Capinha + Película;947.5;2.0;Amazon;Smartphone;32gb
380;Celular para idoso original Obabox Obasmart 3 32gb Fone + Capinha + Película;997.5;0.0;Amazon;Smartphone;32gb
381;"Smartphone Samsung Galaxy A01 Core 32GB 2GB RAM Tela Infinita de 5.3"" Vermelho";959.9;19.0;Amazon;Smartphone;32gb
382;"Celular Samsung Galaxy A10s Preto 32gb Android 9.0 Pie Tela 6.2"" Camera 13mp";990.0;149.0;Amazon;Smartphone;32gb
393;Zenfone  Live L2 OctaCore 2GB 32GB , Vermelho;789.0;117.0;Amazon;Smartphone;32gb
396;Smartphone Samsung Galaxy A01, 32GB - Preto;1029.0;217.0;Amazon;Smartphone;32gb
397;SMARTPHONE XIAOMI REDMI 9 32GB 3RAM CINZA;922.09;1032.0;Amazon;Smartphone;32gb
408;"Smartphone Xiaomi Redmi 7A 32GB/2GB 5.45"" 4.000mAh - Azul";859.14;1484.0;Amazon;Smartphone;32gb
417;Smartphone Samsung Galaxy A01 Core', 32gb, Quad-core, Azul;916.98;97.0;Amazon;Smartphone;32gb
419;Celular Motorola Moto E7 Power Azul Metalico 32gb Tela 6.5 Cam Dupla 13mp + 2mp;829.0;25.0;Amazon;Smartphone;32gb
420;Celular smartphone realme c11 32gb 2gb ram azul;682.12;24.0;Amazon;Smartphone;32gb
422;CELULAR XIAOMI REDMI 9 DUAL 32GB OCEAN GREEN (VERDE);1054.0;506.0;Amazon;Smartphone;32gb
424;"Smartphone Positivo Twist 4G S509 32GB Dual Chip 5"" - Cinza";569.0;4.0;Amazon;Smartphone;32gb
430;Smartphone Xiaomi Redmi 9A Tela 6.53 32GB 13MP 4G Peacock Green CX298VRD;869.9;8.0;Amazon;Smartphone;32gb
431;"Smartphone Samsung Galaxy A01 Core 32GB Tela 5.3"" Camera 8MP Vermelho";759.0;50.0;Amazon;Smartphone;32gb
440;Smartphone Samsung Galaxy A10S 32GB Dual 6.2” 13MP - Azul;1039.99;102.0;Amazon;Smartphone;32gb
444;"Smartphone Samsung Galaxy A02, Camera Dupla Traseira 13MP + 2MP, Selfie de 5MP, Tela Infinita de 6.5"", 32GB, 2GB RAM, Quad Core, Bateria de 5000mAh, Dual Chip, Android - Preto";763.9;5.0;Amazon;Smartphone;32gb
448;"Smartphone Samsung Galaxy A01 32GB 5,7"" Câmera Dupla 13MP 2MP Frontal 5MP Vermelho";1029.0;27.0;Amazon;Smartphone;32gb
453;"Smartphone Samsung Galaxy A01 32GB Tela 5.7"" Camera 13MP Vermelho";1029.0;161.0;Amazon;Smartphone;32gb
454;"Smartphone Samsung Galaxy A02s Preto 32GB, Tela Infinita de 6.5"", Câmera Tripla, bateria 5000mAh, 3GB RAM e Processador Octa-Core";899.9;17.0;Amazon;Smartphone;32gb
457;"Smartphone Xiaomi Redmi 9C Azul 32GB, Tela de 6.53"", 2GB de RAM, Câmera Traseira Tripla, Android 10";899.9;146.0;Amazon;Smartphone;32gb
461;"Smartphone Motorola Moto G5 Plus XT1683 Platinum 5,2"" Câmera 12MP Memória 32GB e 2GB de RAM";989.99;20.0;Amazon;Smartphone;32gb
470;"Celular Motorola Moto E7 Aquamarine 32gb Tela 6.5"" 2gb Ram Cam Dupla 48mp + 2mp";959.92;4.0;Amazon;Smartphone;32gb
476;"Celular Xiaomi Redmi 9A Versão Global 32gb / 2gb Ram/Tela 6.53"" - Green";799.0;609.0;Amazon;Smartphone;32gb
488;CELULAR XIAOMI REDMI 9 DUAL 32GB Sunset Purple (ROXO);1199.99;420.0;Amazon;Smartphone;32gb
510;Smartphone Motorola E6 Play, 5.5, 32gb, Android 9.0, Dual Chip, Câmera 13mp, Preto;749.0;89.0;Amazon;Smartphone;32gb
514;"Celular Xiaomi Redmi 9C Dual SIM 32GB 6.53"" - Midnight Gray";899.9;180.0;Amazon;Smartphone;32gb
519;"Smartphone Samsung Galaxy A02s Azul 32GB, Tela Infinita de 6.5"", Câmera Tripla, bateria 5000mAh, 3GB RAM e Processador Octa-Core";925.0;1.0;Amazon;Smartphone;32gb
520;Smartphone Xiaomi Redmi 9A 32GB Cinza - Homologado Anatel;899.99;101.0;Amazon;Smartphone;32gb
521;"Celular Smartphone idoso F31 Dual Chip 32GB Tela 6.26""ips, leitor digital, capa silicone e película (Cinza)";829.0;0.0;Amazon;Smartphone;32gb
1252;Smartphone Motorola Moto E7 Power 32GB 4G Wi-Fi Tela 6.5'' Dual Chip 2GB RAM Câmera Dupla + Selfie 5MP - Azul Metálico;645.05;121.0;Americanas;Smartphone;32gb
1255;Smartphone Samsung Galaxy A02s 32GB 4G Wi-Fi Tela 6.5'' Dual Chip 3GB RAM Câmera Tripla + Selfie 5MP - Azul;759.05;173.0;Americanas;Smartphone;32gb
1264;Smartphone Motorola Moto E6i 32GB 4G Wi-Fi Tela 6.1'' Dual Chip 2GB RAM Câmera Dupla + Selfie 5MP - Pink;615.48;59.0;Americanas;Smartphone;32gb
1266;Smartphone Motorola Moto E7 Power 32GB 4G Wi-Fi Tela 6.5'' Dual Chip 2GB RAM Câmera Dupla + Selfie 5MP - Vermelho Coral;645.05;48.0;Americanas;Smartphone;32gb
1268;Smartphone Samsung Galaxy A02s 32GB 4G Wi-Fi Tela 6.5'' Dual Chip 3GB RAM Câmera Tripla + Selfie 5MP - Vermelho;759.05;204.0;Americanas;Smartphone;32gb
1269;Smartphone Samsung Galaxy A02 32GB 4G Wi-Fi Tela 6.5'' Dual Chip 2GB RAM Câmera Dupla + Selfie 5MP - Preto;609.1;308.0;Americanas;Smartphone;32gb
1271;Smartphone Samsung Galaxy A02 32GB 4G Wi-Fi Tela 6.5'' Dual Chip 2GB RAM Câmera Dupla + Selfie 5MP - Vermelho;721.05;234.0;Americanas;Smartphone;32gb
1279;Smartphone Samsung Galaxy A01 Core 32GB 4G Wi-Fi Tela 5.3'' Dual Chip 2GB RAM Câmera 8MP + Selfie 5MP - Preto;600.0;590.0;Americanas;Smartphone;32gb
1282;Smartphone Samsung Galaxy A02 32GB 4G Wi-Fi Tela 6.5'' Dual Chip 2GB RAM Câmera Dupla + Selfie 5MP - Azul;721.05;288.0;Americanas;Smartphone;32gb
1285;Smartphone Samsung Galaxy A02s 32GB 4G Wi-Fi Tela 6.5'' Dual Chip 3GB RAM Câmera Tripla + Selfie 5MP - Preto;759.05;204.0;Americanas;Smartphone;32gb
1286;Smartphone Motorola Moto  E7 32GB 4G Wi-Fi Tela 6.5'' Dual Chip 2GB RAM Câmera Dupla + Selfie 5MP - Aquamarine;684.0;15.0;Americanas;Smartphone;32gb
1288;Smartphone Motorola Moto E7 32GB 4G Wi-Fi Tela 6.5'' Dual Chip 2GB RAM Câmera Dupla + Selfie 5MP - Cinza Metálico;684.0;0.0;Americanas;Smartphone;32gb
1292;Smartphone Samsung Galaxy A01 Core 32GB 4G Wi-Fi Tela 5.3'' Dual Chip 2GB RAM Câmera 8MP + Selfie 5MP - Vermelho;616.55;310.0;Americanas;Smartphone;32gb
1295;Smartphone LG K22 32GB 4G Wi-Fi Tela 6.2'' Dual Chip 2GB RAM Câmera Dupla + Selfie 5MP - Vermelho;683.91;78.0;Americanas;Smartphone;32gb
1305;Smartphone LG K22 32GB 4G Wi-Fi Tela 6.2'' Dual Chip 2GB RAM Câmera Dupla + Selfie 5MP - Titânio;664.05;150.0;Americanas;Smartphone;32gb
1306;Smartphone Samsung Galaxy A01 Core 32GB 4G Wi-Fi Tela 5.3'' Dual Chip 2GB RAM Câmera 8MP + Selfie 5MP - Azul;616.55;326.0;Americanas;Smartphone;32gb
1322;Smartphone Samsung Galaxy A10s 32GB 4G Wi-Fi Tela 6.2'' Dual Chip 2GB RAM Câmera Dupla + Selfie 8MP - Azul Absurdo;899.0;86.0;Americanas;Smartphone;32gb
1324;Smartphone Motorola Moto E6i 32GB 4G Wi-Fi Tela 6.1'' Dual Chip 2GB RAM Câmera Dupla + Selfie 5MP - Cinza Titanium;657.35;80.0;Americanas;Smartphone;32gb
1328;Smartphone Motorola Moto E6s 32GB 4G Wi-Fi Tela 6.1'' Dual Chip 2GB RAM Câmera Dupla + Selfie 5MP - Cinza Titanium;779.0;21.0;Americanas;Smartphone;32gb
1332;Smartphone LG K41s 32GB 4G Wi-Fi Tela 6.5'' Dual Chip 3GB RAM Câmera Quádrupla + Selfie 8MP - Preto;749.9;80.0;Americanas;Smartphone;32gb
1333;Smartphone Samsung Galaxy A01 32GB 4G Wi-Fi Tela 5.7'' Dual Chip 2GB RAM Câmera Dupla + Selfie 5MP - Preto;1199.0;592.0;Americanas;Smartphone;32gb
1337;Smartphone Samsung Galaxy A01 32GB 4G Wi-Fi Tela 5.7'' Dual Chip 2GB RAM Câmera Dupla + Selfie 5MP - Azul;1139.05;597.0;Americanas;Smartphone;32gb
1342;Smartphone Samsung Galaxy A10s 32GB 4G Wi-Fi Tela 6.2'' Dual Chip 2GB RAM Câmera Dupla + Selfie 8MP - Preto;918.34;604.0;Americanas;Smartphone;32gb
1355;Smartphone LG K22 32GB 4G Wi-Fi Tela 6.2'' Dual Chip 2GB RAM Câmera Dupla + Selfie 5MP - Azul;664.05;89.0;Americanas;Smartphone;32gb
1357;"Smartphone Samsung Galaxy A10 32GB Dual Chip Android 9.0 Tela 6.2"" Octa-Core 4G Câmera 13MP - Preto";930.99;1899.0;Americanas;Smartphone;32gb
1367;Smartphone Samsung Galaxy A01 32GB 4G Wi-Fi Tela 5.7'' Dual Chip 2GB RAM Câmera Dupla + Selfie 5MP - Vermelho;1199.0;679.0;Americanas;Smartphone;32gb
1368;"Smartphone Xiaomi Redmi 9A 32GB 2GB RAM Tela 6.53"" Câmera Traseira 13MP Frontal de 5MP Bateria 5000mAh Azul";929.0;5.0;Americanas;Smartphone;32gb
1369;Smartphone Motorola Moto G8 Play 32GB 4G Wi-Fi Tela 6.2'' Dual Chip 2GB RAM Câmera Tripla + Selfie 8MP - Preto Ônix;2146.8;830.0;Americanas;Smartphone;32gb
1373;Smartphone Samsung Galaxy A10s 32GB 4G Wi-Fi Tela 6.2'' Dual Chip 2GB RAM Câmera Dupla + Selfie 8MP - Vermelho;918.34;568.0;Americanas;Smartphone;32gb
1378;Smartphone Samsung Galaxy A10s 32GB 4G Wi-Fi Tela 6.2'' Dual Chip 2GB RAM Câmera Dupla + Selfie 8MP - Azul;918.34;555.0;Americanas;Smartphone;32gb
1380;Smartphone Motorola Moto E6s 32GB 4G Wi-Fi Tela 6.1'' Dual Chip 2GB RAM Câmera Dupla + Selfie 5MP - Pink;719.1;19.0;Americanas;Smartphone;32gb
1386;Smartphone Samsung Galaxy A10s 32GB 4G Wi-Fi Tela 6.2'' Dual Chip 2GB RAM Câmera Dupla + Selfie 8MP - Vermelho Absurdo;1074.19;102.0;Americanas;Smartphone;32gb
1388;"Smartphone Asus Zenfone Max Shot 3GB-32GB, Tela 6,2"", Câmera Tripla 12mp+5mp+8mp - Azul";781.08;11.0;Americanas;Smartphone;32gb
1399;Smartphone Motorola Moto G8 Play 32GB 4G Wi-Fi Tela 6.2'' Dual Chip 2GB RAM Câmera Tripla + Selfie 8MP - Vermelho Magenta;2146.8;711.0;Americanas;Smartphone;32gb
1401;"Smartphone Samsung Galaxy A10 32GB Dual Chip Android 9.0 Tela 6.2"" Octa-Core 4G Câmera 13MP - Azul";2169.9;342.0;Americanas;Smartphone;32gb
1405;"Smartphone Xiaomi Redmi 9A Verde 32GB Tela de 6.53"" 2GB 13MP";999.0;0.0;Americanas;Smartphone;32gb
1409;"Smartphone Samsung Galaxy A20s Dual Chip Android 9.0 Tela 6.5"" Octa-Core 32GB 4G Câmera Tripla 13MP + 8MP + 5MP - Preto";1595.0;361.0;Americanas;Smartphone;32gb
1419;Smartphone Samsung Galaxy A20s Dual Chip Android 9.0 Tela 6.5 Octa-Core 32GB 4G Wi-Fi Câmera Tripla Traseira Vermelho;1300.0;0.0;Americanas;Smartphone;32gb
1429;Smartphone xiaomi redmi 9A tela 6,53 2GB/32GB 4G, cinza;1035.0;0.0;Americanas;Smartphone;32gb
1433;Smartphone Motorola Moto E6s 32GB 4G Wi-Fi Tela 6.1'' Dual Chip 2GB RAM Câmera Dupla + Selfie 5MP - Azul Navy;740.05;27.0;Americanas;Smartphone;32gb
1435;"Smartphone Motorola Moto E6 Play 32GB Dual Chip Android 9 Tela 5.5"" MT6739 4G Câmera 13MP - Cinza Metálico";804.8;137.0;Americanas;Smartphone;32gb
1436;Smartphone Asus Zenfone Max Shot 32GB 12MP Tela 6.26 Vermelho + Cartão de Memória;781.08;0.0;Americanas;Smartphone;32gb
1438;"Smartphone Samsung Galaxy A10 32GB Dual Chip Android 9.0 Tela 6.2"" Octa-Core 4G Câmera 13MP - Vermelho";2169.9;548.0;Americanas;Smartphone;32gb
1439;Smartphone Samsung Galaxy J7 Prime Rosa 5,5 Câmera de 13MP 32GB Octa Core e 3GB de ram;1318.8;0.0;Americanas;Smartphone;32gb
1442;"Smartphone LG K11+ 32GB Dual Chip Android 7.1.2 Tela 5.3"" Octa Core 1.5 Ghz 4G Câmera 13MP - Preto";649.0;163.0;Americanas;Smartphone;32gb
1443;"Smartphone LG K40s 32GB Dual Chip Android 9 Tela 6.1"" Octa Core 2.0GHz 4G Câmera 13+5MP - Preto";1999.99;441.0;Americanas;Smartphone;32gb
1447;Celular Xiaomi Redmi 9a 32gb 2gb Ram Versão Global Cinza;891.0;5.0;Americanas;Smartphone;32gb
1457;Smartphone Motorola Moto E6s 32GB 4G Wi-Fi Tela 6.1'' Dual Chip 2GB RAM Câmera Dupla + Selfie 5MP - Vermelho Magenta;1400.0;29.0;Americanas;Smartphone;32gb
1458;Smartphone Samsung Galaxy A10s 4G 32GB Tela 6.2 Dual Chip Android 9.0;934.92;0.0;Americanas;Smartphone;32gb
1466;"Smartphone LG K11+ 32GB  Dual Chip Android 7.0 Tela 5.3"" Octa Core 1.5 Ghz 4G Câmera 13MP - Azul";1019.9;78.0;Americanas;Smartphone;32gb
1470;Smartphone xiaomi redmi 9C tela 6,53 2GB/32GB;1199.99;2.0;Americanas;Smartphone;32gb
1477;Smartphone Samsung Galaxy A01 Android 10.0 Tela 5.7 Octa-Core 32GB 4G Câmera 13MP - Vermelho;749.0;1.0;Americanas;Smartphone;32gb
1479;"Smartphone Samsung Galaxy A21s Dual Chip Android 10 Tela 6.5"" Octa-Core 32GB 4G Câmera Quádrupla 48MP+8MP+2MP+2MP - Preto";1598.0;3.0;Americanas;Smartphone;32gb
1488;"Celular Asus Zenfone Live L2 Dourado Rose 32GB 2GB RAM Tela 5.5"" OctaCore Câmera 13MP";1598.0;22.0;Americanas;Smartphone;32gb
1494;Reembalado: Smartphone LG K12 Plus 32GB 3GB ram Câmera Traseira 16MP Tela 5.7 Preto - Excelente;648.81;0.0;Americanas;Smartphone;32gb
2426;"Smartphone Samsung Galaxy A01 Azul 32GB, Tela Infinita de 5.7"", Câmera Traseira Dupla, Android 10.0, Dual Chip e Processador Octa-Core";699.0;2769.0;Casas Bahia;Smartphone;32gb
2427;Smartphone Motorola Moto E7 Power Azul Metálico 32GB, Bateria 5000 mAh, Tela de 6.5”, Câmera Traseira Dupla, Android 10 e Processador Octa-Core;759.0;720.0;Casas Bahia;Smartphone;32gb
2431;"Smartphone Samsung Galaxy A02 Azul 32GB, Tela Infinita de 6.5"", Câmera Traseira Dupla, Android 10.0, Dual Chip e Processador Quad-Core";777.0;795.0;Casas Bahia;Smartphone;32gb
2432;"Smartphone Xiaomi Redmi 9A Azul 32GB, Tela de 6.53"", 2GB de RAM, Câmera Traseira 13MP, Android 10 e Processador Octa-Core";899.0;917.0;Casas Bahia;Smartphone;32gb
2436;"Smartphone Samsung Galaxy A02s Preto 32GB, Tela Infinita de 6.5"", Câmera Tripla, bateria 5000mAh, 3GB RAM e Processador Octa-Core";849.0;1233.0;Casas Bahia;Smartphone;32gb
2437;Smartphone Samsung Galaxy A01 Core Azul 32GB, Tela Infinita de 5.3”, Câmera Traseira 8MP, Android GO 10.0, Dual Chip e Processador Quad-Core;845.0;1730.0;Casas Bahia;Smartphone;32gb
2438;Smartphone Samsung Galaxy A01 Core Vermelho 32GB, Tela Infinita de 5.3”, Câmera Traseira 8MP, Android GO 10.0, Dual Chip e Processador Quad-Core;799.0;1302.0;Casas Bahia;Smartphone;32gb
2444;Smartphone Samsung Galaxy A01 Core Preto 32GB, Tela Infinita de 5.3”, Câmera Traseira 8MP, Android GO 10.0, Dual Chip e Processador Quad-Core;549.0;2402.0;Casas Bahia;Smartphone;32gb
2445;Smartphone Nokia C2 Preto 32GB, Tela de 5,7” HD+, Câmera 5MP, Android 9.0 e Processador Spreadtrum UniSoC;999.0;22.0;Casas Bahia;Smartphone;32gb
2447;Smartphone Motorola Moto E6i Cinza Titanium 32GB, 2GB RAM, Tela de 6.1”, Câmera Traseira Dupla, Android 10 e Processador Octa-Core;1699.0;806.0;Casas Bahia;Smartphone;32gb
2455;Smartphone Multilaser E Lite Preto com 32GB, Tela 4”, Android 8.1, Dual Chip, Câmera 5MP, 3G, Bluetooth e Processador Quad core;1599.0;14.0;Casas Bahia;Smartphone;32gb
2457;Smartphone Motorola Moto E6i Pink 32GB, 2GB RAM, Tela de 6.1”, Câmera Traseira Dupla, Android 10 e Processador Octa-Core;777.0;387.0;Casas Bahia;Smartphone;32gb
2458;"Smartphone Samsung Galaxy A02 Vermelho 32GB, Tela Infinita de 6.5"", Câmera Traseira Dupla, Android 10.0, Dual Chip e Processador Quad-Core";2777.0;594.0;Casas Bahia;Smartphone;32gb
2460;"Smartphone Xiaomi Redmi 9A Verde 32GB, Tela de 6.53"", 2GB de RAM, Câmera Traseira 13MP, Android 10 e Processador Octa-Core";3399.0;235.0;Casas Bahia;Smartphone;32gb
2465;"Smartphone LG K41S Titânio 32GB, RAM de 3GB, Tela de 6,55"" V- Notch HD+ 20:9, Inteligência Artificial, Câmera Quádrupla e Processador Octa-Core 2.0";919.0;622.0;Casas Bahia;Smartphone;32gb
2467;Smartphone Motorola Moto E7 Aquamarine 32GB, 2GB RAM, Tela de 6.5”, Câmera Traseira Dupla, Android 10 e Processador Octa-Core;889.0;152.0;Casas Bahia;Smartphone;32gb
2468;"Smartphone LG K41S Preto 32GB, RAM de 3GB, Tela de 6,55"" V- Notch HD+ 20:9, Inteligência Artificial, Câmera Quádrupla e Processador Octa-Core 2.0";915.99;1493.0;Casas Bahia;Smartphone;32gb
2470;Smartphone Motorola Moto E7 Power Vermelho Coral 32GB, Bateria 5000 mAh, Tela de 6.5”, Câmera Traseira Dupla, Android 10 e Processador Octa-Core;1924.0;409.0;Casas Bahia;Smartphone;32gb
2476;"Smartphone Samsung Galaxy A02s Vermelho 32GB, Tela Infinita de 6.5"", Câmera Tripla, bateria 5000mAh, 3GB RAM e Processador Octa-Core";1099.0;739.0;Casas Bahia;Smartphone;32gb
2480;"Smartphone Multilaser E Lite P9127 3G Dourado 32GB Tela 4.0"" Câmera 5MP Android 8.1";1199.0;25.0;Casas Bahia;Smartphone;32gb
2495;"Smartphone Motorola Moto e6s Cinza Titanium 32GB, Tela Max Vision de 6.1"", Câmera Traseira Dupla, Android 9.0, Processador Octa-Core e 2GB de RAM";899.0;352.0;Casas Bahia;Smartphone;32gb
2496;"Smartphone Xiaomi Redmi 9A Cinza 32GB, Tela de 6.53"", 2GB de RAM, Câmera Traseira 13MP, Android 10 e Processador Octa-Core";1909.0;493.0;Casas Bahia;Smartphone;32gb
2498;Smartphone Multilaser E P9128 Preto com 32GB, Tela 5”, Android 8.1, Dual Chip, Câmera 5MP, 3G, Bluetooth e Processador Quad core;1199.0;23.0;Casas Bahia;Smartphone;32gb
2505;Smartphone Motorola Moto E7 Cinza Metálico 32GB, 2GB RAM, Tela de 6.5”, Câmera Traseira Dupla, Android 10 e Processador Octa-Core;4999.0;262.0;Casas Bahia;Smartphone;32gb
2507;"Smartphone Xiaomi Redmi 9C Cinza 32GB, Tela de 6.53"", 2GB de RAM, Câmera Traseira Tripla, Android 10 e Processador Octa-Core";1199.0;25.0;Casas Bahia;Smartphone;32gb
2508;"Smartphone Xiaomi Redmi 9C Azul 32GB, Tela de 6.53"", 2GB de RAM, Câmera Traseira Tripla, Android 10 e Processador Octa-Core";2099.0;307.0;Casas Bahia;Smartphone;32gb
2509;"Smartphone Galaxy A02, 32GB + 2GB Tela Infinita de 6.5"" - Preto";2150.0;64.0;Casas Bahia;Smartphone;32gb
2522;"Smartphone Multilaser G Pro, Preto, Tela 6,1"", 4G+Wi-Fi, Android, Câm Traseira 13+2MP e Frontal 5 MP, 32GB";1279.0;1.0;Casas Bahia;Smartphone;32gb
2547;Smartphone Positivo S513 Twist 3 32Gb Tela 5.5 3G Vermelho;2629.0;7.0;Casas Bahia;Smartphone;32gb
2549;"Smartphone Motorola Moto e6s Azul Navy 32GB, Tela Max Vision de 6.1"", Câmera Traseira Dupla, Android 9.0, Processador Octa-Core e 2GB de RAM";3999.0;422.0;Casas Bahia;Smartphone;32gb
2550;"Smartphone Samsung Galaxy A02s Azul 32GB, Tela Infinita de 6.5"", Câmera Tripla, bateria 5000mAh, 3GB RAM e Processador Octa-Core";1582.21;730.0;Casas Bahia;Smartphone;32gb
2562;Smartphone E Lite 32gb 512mb Quad Core;486.0;8.0;Casas Bahia;Smartphone;32gb
2565;Smartphone Multilaser F P9130 Preto com 32GB, Tela 5.5”, Android 9.0, Dual Chip, Câmera 5MP, 3G, Bluetooth e Processador Quad core;349.9;6.0;Casas Bahia;Smartphone;32gb
2570;"Smartphone Multilaser F P9130 32GB Dual Chip Tela 5.5"" Câmera 5MP Frontal 5MP Android 9 Preto";1319.0;7.0;Casas Bahia;Smartphone;32gb
2573;Smartphone Multilaser E Lite 32gb - Preto;1699.9;13.0;Casas Bahia;Smartphone;32gb
2576;Smartphone Multilaser F P9131 Dourado com 32GB, Tela 5.5”, Android 9, Dual Chip, Câmera 5MP, 3G, Sensor de Digitais e Processador Quad core;1299.0;62.0;Casas Bahia;Smartphone;32gb
2582;Smartphone Nokia C01 Plus 32GB 1GB RAM Câmera 5MP - Azul;5175.27;0.0;Casas Bahia;Smartphone;32gb
2584;Smartphone Multilaser E Lite Dourado com 32GB, Tela 4”, Android 8.1, Dual Chip, Câmera 5MP, 3G, Bluetooth e Processador Quad core;1695.7;0.0;Casas Bahia;Smartphone;32gb
2588;"Smartphone Samsung Galaxy A02s Vermelho 32GB, Tela Infinita de 6.5"", Câmera Tripla, bat 5000mAh, 3GB RAM e Processador Octa-Core + Cartão de Memo";1399.0;0.0;Casas Bahia;Smartphone;32gb
2597;Smartphone Realme C21Y 32GB Tela 6.5`` NFC 4GB RAM – Azul;631.19;0.0;Casas Bahia;Smartphone;32gb
2607;Smartphone Xia omi Red mi 8a 32gb Dual 2gb 6.2`` Global Azul;663.19;0.0;Casas Bahia;Smartphone;32gb
2610;Smartphone Multilaser F 3g 32gb 1gb Tela 5.5 + Suporte Ring;1498.0;0.0;Casas Bahia;Smartphone;32gb
2615;Smartphone Samsung Galaxy M02 32gb 3gb Ram Dual Sim Azul;4702.15;0.0;Casas Bahia;Smartphone;32gb
2620;Smartphone Multilaser F 3g 32gb e Kit Music Play Headphone;932.9;0.0;Casas Bahia;Smartphone;32gb
2625;"Smartphone Motorola Moto e6s Pink 32GB, Tela Max Vision de 6.1"", Câmera Traseira Dupla, Android 9.0, Processador Octa-Core e 2GB de RAM";499.9;175.0;Casas Bahia;Smartphone;32gb
2629;Smartphone Samsung Galaxy M02 32gb 3gb Ram Dual Sim Vermelho;499.0;0.0;Casas Bahia;Smartphone;32gb
2631;Smartphone Samsung Galaxy M02 32gb 3gb Ram Dual Sim Preto;5443.0;0.0;Casas Bahia;Smartphone;32gb
2634;"Smartphone Motorola Moto G7 Play 32GB Android Pie - 9.0 Tela 5.7"" 1.8 GHz Octa-Core 4G Câmera 13MP";1349.0;1.0;Casas Bahia;Smartphone;32gb
2639;"Smartphone LG K41S Tela 6,5"" 32GB 3GB RAM Câm 13MP + 2MP + 5MP + 2MP + Frontal 8MP";594.9;1.0;Casas Bahia;Smartphone;32gb
2642;"Smartphone Multilaser F 32GB Dual Chip 5,5"" Câmera 5MP Android 9 Dourado - P9131";1770.11;5.0;Casas Bahia;Smartphone;32gb
2650;Smartphone Positivo Twist 4G S509 Cinza com 32GB, 4G, Tela 5”, Android 10, Dual Chip, Câmera 8MP e Processador Octa-Core de 1.6 Ghz;919.0;0.0;Casas Bahia;Smartphone;32gb
2658;Smartphone Moto E6 Play XT2020-3 Android Pie 9.0, Memória Interna 32GB;1299.9;0.0;Casas Bahia;Smartphone;32gb
2671;Smartphone Samsung Galaxy A10s 32gb vermelho;2099.99;0.0;Casas Bahia;Smartphone;32gb
2674;Smartphone Xiaomi Redmi 9A 32GB/2GB Ram Azul;1662.78;0.0;Casas Bahia;Smartphone;32gb
3481;Smartphone Samsung Galaxy A02s 32GB Vermelho 4G;764.1;31.0;Magazine Luiza;Smartphone;32gb
3483;Smartphone Motorola Moto E7 Power 32GB Vermelho;799.0;2.0;Magazine Luiza;Smartphone;32gb
3484;Smartphone Samsung Galaxy A02s 32GB Azul 4G;764.1;27.0;Magazine Luiza;Smartphone;32gb
3490;Smartphone Samsung Galaxy A10s 32GB Azul;899.1;143.0;Magazine Luiza;Smartphone;32gb
3491;Smartphone Samsung Galaxy A02 32GB Vermelho 4G;629.1;18.0;Magazine Luiza;Smartphone;32gb
3493;Smartphone Samsung Galaxy A02 32GB Azul 4G;629.1;30.0;Magazine Luiza;Smartphone;32gb
3497;Smartphone Motorola Moto E7 Power 32GB Azul;799.0;16.0;Magazine Luiza;Smartphone;32gb
3500;Smartphone Samsung Galaxy A02s 32GB Preto 4G;764.1;26.0;Magazine Luiza;Smartphone;32gb
3501;Smartphone LG K41s 3gb Ram 32gb 4g Dual Chip Octa Core;748.59;13.0;Magazine Luiza;Smartphone;32gb
3504;Smartphone Samsung Galaxy A10s 32GB Vermelho;899.1;274.0;Magazine Luiza;Smartphone;32gb
3505;Smartphone Samsung Galaxy A02 32GB Preto 4G;629.1;22.0;Magazine Luiza;Smartphone;32gb
3507;Smartphone Motorola Moto E7 32GB Aquamarine;899.0;21.0;Magazine Luiza;Smartphone;32gb
3508;"Smartphone Motorola E7 Power 32GB 4G Tela 6.5"" Câmera Dupla 13MP 2MP Frontal 5MP Azul Metálico";683.1;58.0;Magazine Luiza;Smartphone;32gb
3509;Smartphone Positivo Twist 4 Fit 32GB Vermelho 3G;409.2;10.0;Magazine Luiza;Smartphone;32gb
3510;Smartphone Xiaomi Redmi 9C 32GB Azul 4G;899.0;8.0;Magazine Luiza;Smartphone;32gb
3524;Smartphone Motorola Moto E6i 32GB Pink;719.1;32.0;Magazine Luiza;Smartphone;32gb
3526;Smartphone LG K22 32GB Titan 4G Quad-Core 2GB RAM;719.1;53.0;Magazine Luiza;Smartphone;32gb
3527;"Smartphone LG K41S 32GB Titânio 4G Octa-Core - 3GB RAM 6.55"" Câm. Quádrupla + Selfie 8MP";705.87;116.0;Magazine Luiza;Smartphone;32gb
3530;"Smartphone Motorola Moto E6S 32GB 4G Tela 6.1"" Câmera Dupla 13MP 2MP Frontal 5MP Cinza Titanium";683.1;137.0;Magazine Luiza;Smartphone;32gb
3543;"Smartphone Motorola E7 Power 32GB 4G Tela 6.5"" Câmera Dupla 13MP 2MP Frontal 5MP Vermelho Coral";710.1;20.0;Magazine Luiza;Smartphone;32gb
3549;Smartphone LG K41S 32GB Titânio 4G Octa-Core;999.0;130.0;Magazine Luiza;Smartphone;32gb
3557;Smartphone Positivo Twist 4 Fit 32GB Preto 3G;362.7;4.0;Magazine Luiza;Smartphone;32gb
3559;Smartphone Samsung Galaxy A10s 32GB Vermelho;899.1;10.0;Magazine Luiza;Smartphone;32gb
3562;Smartphone Motorola Moto E6i 32GB Cinza Titanium;719.1;34.0;Magazine Luiza;Smartphone;32gb
3564;Smartphone Motorola Moto E7 32GB Cinza Metálico;809.1;7.0;Magazine Luiza;Smartphone;32gb
3566;Smartphone Xiaomi Redmi 9C 32GB Cinza 4G;899.0;0.0;Magazine Luiza;Smartphone;32gb
3567;"Smartphone Galaxy A02, 32GB, 2GB Tela Infinita de 6.5""";799.0;2.0;Magazine Luiza;Smartphone;32gb
3569;Smartphone Samsung Galaxy A10s 32GB Preto;999.0;197.0;Magazine Luiza;Smartphone;32gb
3571;Smartphone Motorola Moto E6S 32GB Cinza Titanium;829.0;38.0;Magazine Luiza;Smartphone;32gb
3578;"Smartphone Galaxy A02, 32GB, 2GB Tela Infinita de 6.5""";799.0;8.0;Magazine Luiza;Smartphone;32gb
3594;Smartphone Samsung Galaxy A-02 Octa Core 32GB 2GB Câmera Dupla Quadriband;960.6;0.0;Magazine Luiza;Smartphone;32gb
3601;Smartphone Samsung Galaxy A01 Core 32GB, 2GB RAM Tela 5.3;665.91;0.0;Magazine Luiza;Smartphone;32gb
3605;"Celular Smartphone Multilaser F P9130 Tela 5,5"" Sensor Digital 32gb RAM 1gbl - Preto 3G";429.9;9.0;Magazine Luiza;Smartphone;32gb
3606;"Smartphone Motorola Moto E6i 32GB Tela 6.1"" Câmera 13MP Frontal 5MP Android 10 Go Pink";620.1;14.0;Magazine Luiza;Smartphone;32gb
3608;"Smartphone Multilaser E P9129 32GB Dual Chip Tela 5.0"" Câmera 5MP Frontal 5MP Android 8.1 Dourado";394.2;4.0;Magazine Luiza;Smartphone;32gb
3614;Smartphone Multilaser E P9129 32GB Dourado 3G;408.27;0.0;Magazine Luiza;Smartphone;32gb
3618;Smartphone Motorola Moto E6S 32GB Pink 4G;799.0;31.0;Magazine Luiza;Smartphone;32gb
3620;"Smartphone Galaxy A02, 32GB, 2GB Tela Infinita de 6.5""";799.0;24.0;Magazine Luiza;Smartphone;32gb
3626;"Smartphone Xiaomi Redmi 9A, Azul, Tela 6.53"", 4G+WiFi, Android, Câm. Traseira 13MP e Frontal 5MP, 32GB";892.05;9.0;Magazine Luiza;Smartphone;32gb
3639;Smartphone LG K41S 32GB Preto 4G Octa-Core;999.0;71.0;Magazine Luiza;Smartphone;32gb
3644;"Smartphone Samsung Galaxy A02 32GB 2GB RAM 4G Wi-Fi Dual Chip Câmera Dupla + Selfie 5MP 6.5"" Preto";777.0;0.0;Magazine Luiza;Smartphone;32gb
3645;"Smartphone Motorola Moto E7 32GB 6.5"" Câmera Dupla 48MP+2MP Frontal 5MP Android 10 Cinza Metálico";746.1;15.0;Magazine Luiza;Smartphone;32gb
3650;"Smartphone Xiaomi Redmi 9A, Cinza, Tela 6.53"", 4G+WiFi, Android, Câm.Traseira de 13MP e Frontal de 5MP, 32GB";892.05;2.0;Magazine Luiza;Smartphone;32gb
3657;Celular Do Idoso Positivo Letras Grandes 32gb Sos;664.05;8.0;Magazine Luiza;Smartphone;32gb
3660;"Smartphone Moto E7 32GB Dual Chip Android 10 Tela 6.5"" Octa-Core 4G Câmera 48MP + 2MP Frontal 5MP- Cinza Metálico";764.75;3.0;Magazine Luiza;Smartphone;32gb
3661;Smartphone Samsung Galaxy A02S Android 65 Polegadas 32GB 3GB RAM Octa-Core 4G;1399.0;1.0;Magazine Luiza;Smartphone;32gb
3678;Smartphone Samsung Galaxy A10s 32GB Dual Chip Tela 6.2pol Octa-Core 4G Azul;995.76;0.0;Magazine Luiza;Smartphone;32gb
3687;"Smartphone Multilaser E P9128 32GB Dual Chip 3G Tela 5.0"" Câmera 5MP Frontal 5MP Android 8.1 Preto";358.2;28.0;Magazine Luiza;Smartphone;32gb
3693;"Smartphone Motorola Moto Z XT1650 32GB Tela 5.5"" 4GB Ram";934.65;6.0;Magazine Luiza;Smartphone;32gb
3697;Smartphone Positivo Twist 4 Fit 32gb Android 10 3g Vermelho;566.1;0.0;Magazine Luiza;Smartphone;32gb
3707;Smartphone Multilaser E Lite 3G 32GB Dourado P9127;314.34;8.0;Magazine Luiza;Smartphone;32gb
3719;Smartphone Samsung Galaxy A20 32GB Preto 4G - 3GB RAM 6,4” Câm. Dupla + Câm. Selfie 8MP;1799.0;0.0;Magazine Luiza;Smartphone;32gb
3720;"Smartphone Xiaomi Redmi 9A, Verde, Tela 6.53"", 4G+WiFi, Android, Câm.Traseira de 13MP e Frontal de 5MP, 32GB";892.05;0.0;Magazine Luiza;Smartphone;32gb
4352;Smartphone Motorola Moto E7 Power 32GB 4G Wi-Fi Tela 6.5'' Dual Chip 2GB RAM Câmera Dupla + Selfie 5MP - Azul Metálico;749.0;7.0;Submarino;Smartphone;32gb
4354;Smartphone Samsung Galaxy A02 32GB 4G Wi-Fi Tela 6.5'' Dual Chip 2GB RAM Câmera Dupla + Selfie 5MP - Preto;739.9;9.0;Submarino;Smartphone;32gb
4361;Smartphone Samsung Galaxy A02s 32GB 4G Wi-Fi Tela 6.5'' Dual Chip 3GB RAM Câmera Tripla + Selfie 5MP - Vermelho;839.0;9.0;Submarino;Smartphone;32gb
4376;Smartphone Motorola Moto E7 Power 32GB 4G Wi-Fi Tela 6.5'' Dual Chip 2GB RAM Câmera Dupla + Selfie 5MP - Azul Metálico;749.0;7.0;Submarino;Smartphone;32gb
4378;Smartphone Samsung Galaxy A02 32GB 4G Wi-Fi Tela 6.5'' Dual Chip 2GB RAM Câmera Dupla + Selfie 5MP - Preto;739.9;9.0;Submarino;Smartphone;32gb
4385;Smartphone Samsung Galaxy A02s 32GB 4G Wi-Fi Tela 6.5'' Dual Chip 3GB RAM Câmera Tripla + Selfie 5MP - Vermelho;839.0;9.0;Submarino;Smartphone;32gb
4400;Smartphone Motorola Moto E7 Power 32GB 4G Wi-Fi Tela 6.5'' Dual Chip 2GB RAM Câmera Dupla + Selfie 5MP - Azul Metálico;749.0;7.0;Submarino;Smartphone;32gb
4402;Smartphone Samsung Galaxy A02 32GB 4G Wi-Fi Tela 6.5'' Dual Chip 2GB RAM Câmera Dupla + Selfie 5MP - Preto;739.9;9.0;Submarino;Smartphone;32gb
4409;Smartphone Samsung Galaxy A02s 32GB 4G Wi-Fi Tela 6.5'' Dual Chip 3GB RAM Câmera Tripla + Selfie 5MP - Vermelho;839.0;9.0;Submarino;Smartphone;32gb
4424;Smartphone Motorola Moto E7 Power 32GB 4G Wi-Fi Tela 6.5'' Dual Chip 2GB RAM Câmera Dupla + Selfie 5MP - Azul Metálico;749.0;7.0;Submarino;Smartphone;32gb
4426;Smartphone Samsung Galaxy A02 32GB 4G Wi-Fi Tela 6.5'' Dual Chip 2GB RAM Câmera Dupla + Selfie 5MP - Preto;739.9;9.0;Submarino;Smartphone;32gb
4433;Smartphone Samsung Galaxy A02s 32GB 4G Wi-Fi Tela 6.5'' Dual Chip 3GB RAM Câmera Tripla + Selfie 5MP - Vermelho;839.0;9.0;Submarino;Smartphone;32gb
4448;Smartphone Motorola Moto E7 Power 32GB 4G Wi-Fi Tela 6.5'' Dual Chip 2GB RAM Câmera Dupla + Selfie 5MP - Azul Metálico;749.0;7.0;Submarino;Smartphone;32gb
4450;Smartphone Samsung Galaxy A02 32GB 4G Wi-Fi Tela 6.5'' Dual Chip 2GB RAM Câmera Dupla + Selfie 5MP - Preto;739.9;9.0;Submarino;Smartphone;32gb
4457;Smartphone Samsung Galaxy A02s 32GB 4G Wi-Fi Tela 6.5'' Dual Chip 3GB RAM Câmera Tripla + Selfie 5MP - Vermelho;839.0;9.0;Submarino;Smartphone;32gb
4472;Smartphone Motorola Moto E7 Power 32GB 4G Wi-Fi Tela 6.5'' Dual Chip 2GB RAM Câmera Dupla + Selfie 5MP - Azul Metálico;749.0;7.0;Submarino;Smartphone;32gb
4474;Smartphone Samsung Galaxy A02 32GB 4G Wi-Fi Tela 6.5'' Dual Chip 2GB RAM Câmera Dupla + Selfie 5MP - Preto;739.9;9.0;Submarino;Smartphone;32gb
4481;Smartphone Samsung Galaxy A02s 32GB 4G Wi-Fi Tela 6.5'' Dual Chip 3GB RAM Câmera Tripla + Selfie 5MP - Vermelho;839.0;9.0;Submarino;Smartphone;32gb
4496;Smartphone Motorola Moto E7 Power 32GB 4G Wi-Fi Tela 6.5'' Dual Chip 2GB RAM Câmera Dupla + Selfie 5MP - Azul Metálico;749.0;7.0;Submarino;Smartphone;32gb
4498;Smartphone Samsung Galaxy A02 32GB 4G Wi-Fi Tela 6.5'' Dual Chip 2GB RAM Câmera Dupla + Selfie 5MP - Preto;739.9;9.0;Submarino;Smartphone;32gb
4505;Smartphone Samsung Galaxy A02s 32GB 4G Wi-Fi Tela 6.5'' Dual Chip 3GB RAM Câmera Tripla + Selfie 5MP - Vermelho;839.0;9.0;Submarino;Smartphone;32gb
4520;Smartphone Motorola Moto E7 Power 32GB 4G Wi-Fi Tela 6.5'' Dual Chip 2GB RAM Câmera Dupla + Selfie 5MP - Azul Metálico;749.0;7.0;Submarino;Smartphone;32gb
4522;Smartphone Samsung Galaxy A02 32GB 4G Wi-Fi Tela 6.5'' Dual Chip 2GB RAM Câmera Dupla + Selfie 5MP - Preto;739.9;9.0;Submarino;Smartphone;32gb
4529;Smartphone Samsung Galaxy A02s 32GB 4G Wi-Fi Tela 6.5'' Dual Chip 3GB RAM Câmera Tripla + Selfie 5MP - Vermelho;839.0;9.0;Submarino;Smartphone;32gb
4544;Smartphone Motorola Moto E7 Power 32GB 4G Wi-Fi Tela 6.5'' Dual Chip 2GB RAM Câmera Dupla + Selfie 5MP - Azul Metálico;749.0;7.0;Submarino;Smartphone;32gb
4546;Smartphone Samsung Galaxy A02 32GB 4G Wi-Fi Tela 6.5'' Dual Chip 2GB RAM Câmera Dupla + Selfie 5MP - Preto;739.9;9.0;Submarino;Smartphone;32gb
4553;Smartphone Samsung Galaxy A02s 32GB 4G Wi-Fi Tela 6.5'' Dual Chip 3GB RAM Câmera Tripla + Selfie 5MP - Vermelho;839.0;9.0;Submarino;Smartphone;32gb
4568;Smartphone Motorola Moto E7 Power 32GB 4G Wi-Fi Tela 6.5'' Dual Chip 2GB RAM Câmera Dupla + Selfie 5MP - Azul Metálico;749.0;7.0;Submarino;Smartphone;32gb
4570;Smartphone Samsung Galaxy A02 32GB 4G Wi-Fi Tela 6.5'' Dual Chip 2GB RAM Câmera Dupla + Selfie 5MP - Preto;739.9;9.0;Submarino;Smartphone;32gb
4577;Smartphone Samsung Galaxy A02s 32GB 4G Wi-Fi Tela 6.5'' Dual Chip 3GB RAM Câmera Tripla + Selfie 5MP - Vermelho;839.0;9.0;Submarino;Smartphone;32gb
4592;Smartphone Motorola Moto E7 Power 32GB 4G Wi-Fi Tela 6.5'' Dual Chip 2GB RAM Câmera Dupla + Selfie 5MP - Azul Metálico;749.0;7.0;Submarino;Smartphone;32gb
4594;Smartphone Samsung Galaxy A02 32GB 4G Wi-Fi Tela 6.5'' Dual Chip 2GB RAM Câmera Dupla + Selfie 5MP - Preto;739.9;9.0;Submarino;Smartphone;32gb
4601;Smartphone Samsung Galaxy A02s 32GB 4G Wi-Fi Tela 6.5'' Dual Chip 3GB RAM Câmera Tripla + Selfie 5MP - Vermelho;839.0;9.0;Submarino;Smartphone;32gb
248;Smartphone ASUS Zenfone Max Pro M2, 6GB 64GB, Black Saphire;1299.0;452.0;Amazon;Smartphone;64gb
249;Smartphone Xiaomi Redmi 9 India 64GB 4GB RAM Tela 6,53'' Android 10 Octa-Core Dual Sim - Preto;1005.9;101.0;Amazon;Smartphone;64gb
250;Smartphone Xiaomi Redmi Note 8 4RAM 64GB Tela 6.3 LTE Dual Azul;1199.0;40979.0;Amazon;Smartphone;64gb
251;Smartphone Xiaomi Redmi 9 Dual Chip 64gb 4gb Sunset Purple;1229.0;3829.0;Amazon;Smartphone;64gb
252;Smartphone Nokia 2.4 64GB 3GB RAM Tela de 6,5 Pol. Câmera Traseira 13MP + 2MP Cinza - NK015;899.0;12.0;Amazon;Smartphone;64gb
253;"Smartphone Samsung Galaxy A12, Branco, Tela 6.5"", 4G+Wi-Fi, Android 10, Câm Traseira 48+5+2+2MP, Frontal 8MP, 64GB";1149.0;8.0;Amazon;Smartphone;64gb
256;"Smartphone Positivo Twist 3 Pro S533 64GB Dual Chip 5.7"" - Grafite";505.0;101.0;Amazon;Smartphone;64gb
266;Smartphone LG K52 64GB Verde 4G Octa-Core 3GB RAM - Tela 6,59” Câm. Quádrupla + Selfie 8MP Dual Chip;989.0;222.0;Amazon;Smartphone;64gb
268;Smartphone Zenfone Max Pro M2 - 4GB 64GB , Black Saphire;969.0;586.0;Amazon;Smartphone;64gb
269;Smartphone LG K51S, 3GB/64GB, 32MP, Titanium;1399.0;1113.0;Amazon;Smartphone;64gb
273;ASUS Zenfone  Shot Plus 4GB 64GB+64GB , Vermelho;1099.0;499.0;Amazon;Smartphone;64gb
275;Smartphone Xiaomi Redmi Note 8 4GB Ram Tela 6.3 64GB Camera Quad 48+8+2+2MP - Azul;1249.9;3905.0;Amazon;Smartphone;64gb
277;Smartphone Xiaomi Redmi Note 9S - 4GB + 64GB - Versão Global - Aurora Blue;1595.25;8947.0;Amazon;Smartphone;64gb
279;Smartphone Xiaomi Redmi 9 India 64GB 4GB RAM Tela 6,53'' Android 10 Octa-Core Dual Sim - Sky Blue;1015.0;350.0;Amazon;Smartphone;64gb
284;Smartphone Xiaomi Redmi Note 10s 64gb/6gb Pebble White;1547.77;103.0;Amazon;Smartphone;64gb
286;Xiaomi Poco M3 64GB 4GB Ram Versão Global Preto;1209.9;608.0;Amazon;Smartphone;64gb
287;"Smartphone Moto G9 Play Azul Safira, com Tela de 6,5, 4G, 64GB e Câmera de 48MP + 2MP + 2MP - XT2083-1""";1146.9;115.0;Amazon;Smartphone;64gb
288;Smartphone Xiaomi Redmi Note 8 (2021) 64GB Branco;1241.98;41.0;Amazon;Smartphone;64gb
292;Smartphone Xiaomi Redmi 9C - Dual SIM 3GB/64GB - Twilight Blue - Versão Global;1038.0;677.0;Amazon;Smartphone;64gb
299;"Smartphone Samsung A21s Preto 64GB Android 10 Tela 6.5"" Camera 13MP";2369.0;357.0;Amazon;Smartphone;64gb
300;Smartphone Xiaomi Redmi 9 64GB 4GB Ram 4 Câmeras Cinza;1208.6;250.0;Amazon;Smartphone;64gb
304;Smartphone Xiaomi Redmi Note 8 4GB Ram Tela 6.3 64GB Camera Quad 48+8+2+2MP - Branco;1259.99;4217.0;Amazon;Smartphone;64gb
307;Smartphone Samsung Galaxy A21s, 64GB - Branco;1999.0;159.0;Amazon;Smartphone;64gb
308;Smartphone Xiaomi Redmi Note 8 64GB Versão Global Desbloqueado Preto;1249.9;1443.0;Amazon;Smartphone;64gb
309;Smartphone Samsung Galaxy A12 64GB 6.5 Octa Core Branco;1219.0;2.0;Amazon;Smartphone;64gb
310;"Smartphone Motorola XT2083 Moto G9 Play 64GB Verde Turquesa Tela 6.5"" Câmera 48 MP 2 MP 2 MP";1188.0;63.0;Amazon;Smartphone;64gb
312;"Celular Xiaomi Redmi 9 Versão Global 64gb / 4gb Ram/Tela 6.53"" - Sunset Purple";1206.46;3589.0;Amazon;Smartphone;64gb
314;ASUS Zenfone Max Pro M2 - 6GB 64GB , Titanium;1099.0;120.0;Amazon;Smartphone;64gb
316;"Celular Motorola Moto E7 Cinza Metálico 64gb Tela 6.5"" 4gb Ram Camera 48mp 2mp";1036.9;63.0;Amazon;Smartphone;64gb
317;Celular Smartphone Xiaomi Redmi 9i 64GB Rom 4GB RAM Azul;994.89;12.0;Amazon;Smartphone;64gb
318;Xiaomi Redmi Note 10 4GB+64GB Versão global Onyx Gray;1550.0;2335.0;Amazon;Smartphone;64gb
319;Smartphone Xiaomi Redmi Note 8 Pro Global 64GB 6GB RAM 64MP Verde;2150.0;4067.0;Amazon;Smartphone;64gb
320;Smartphone Samsung Galaxy A21s, 64GB - Azul;1338.28;73.0;Amazon;Smartphone;64gb
321;Celular Xiaomi Redmi 9 64GB/4GB Dual Chip - Carbon Grey;1182.0;4455.0;Amazon;Smartphone;64gb
322;"Smartphone LG K62 Azul, com Tela de 6,59"", 4G, 64GB e Câmera Quádrupla de 48MP+5MP+2MP+2MP - LMK520BMW";1099.0;42.0;Amazon;Smartphone;64gb
324;Smartphone Xiaomi Redmi Note 8 (2021) 64GB Neptune Blue (Azul);1198.0;76.0;Amazon;Smartphone;64gb
325;"Smartphone Samsung Galaxy A12 Vermelho 64GB, Tela Infinita de 6.5"", Câmera Quádrupla, Bateria 5000mAh, 4GB RAM e Processador Octa-Core";1149.0;23.0;Amazon;Smartphone;64gb
326;Smartphone Xiaomi Redmi 9C Dual SIM /64GB / 3GB ram- Midnight Grey;1099.99;554.0;Amazon;Smartphone;64gb
327;Celular Xiaomi Redmi 9 64GB/4GB Dual Chip - Ocean Green;1209.0;2836.0;Amazon;Smartphone;64gb
328;"Smartphone Samsung Galaxy A12 Dual Chip Android Tela 6,5"" Octa-Core 2.3GHz 64GB 4G Câmera 48MP(Principal)+5MP(Ultra Wide)+2MP(Profundidade)+2MP(Macro) - Azul";1252.0;9.0;Amazon;Smartphone;64gb
330;Smartphone Xiaomi Redmi Note 9 Dual Chip 64gb (midnight Grey) Cinza;1159.0;196.0;Amazon;Smartphone;64gb
332;Smartphone Xiaomi Redmi Note 8 4GB Ram Tela 6.3 64GB Camera Quad 48+8+2+2MP - Preto;1198.9;1862.0;Amazon;Smartphone;64gb
333;Smartphone Xiaomi Redmi 9 Dual SIM 64GB 6.53” - Global Version - Carbon Grey;1215.5;4.0;Amazon;Smartphone;64gb
335;"Smartphone Samsung Galaxy A12 64GB Dual Chip Cam. Quadrupla 6.5"" Oct-Core Preto";1210.0;8.0;Amazon;Smartphone;64gb
339;CEL XIAOMI REDMI 9C DUAL 64GB BLUE;1079.69;297.0;Amazon;Smartphone;64gb
341;"Smartphone LG K22+ , 3GB Memória, 64GB armazenamento, Dual Chip Android 10 Tela 6.2"" Quad Core 4G Câmera 13MP+2MP - Titan";1049.0;398.0;Amazon;Smartphone;64gb
345;Smartphone Xiaomi Redmi Note 8 (2021) 64GB Azul;1129.0;40.0;Amazon;Smartphone;64gb
346;Smartphone Motorola G10 Power 64GB 4GB RAM Breeze Blue (Azul);1148.8;16.0;Amazon;Smartphone;64gb
348;Xiaomi Redmi Note 9 64GB 3GB RAM - Versão Global - Midnight Grey;1299.9;1066.0;Amazon;Smartphone;64gb
349;Smartphone Xiaomi Redmi Note 10s 64gb/6gb Ocean Blue;1519.0;170.0;Amazon;Smartphone;64gb
355;"Celular Xiaomi Redmi 9 Versão Global 64gb / 4gb Ram/Tela 6.53"" - Cinza";1189.9;5478.0;Amazon;Smartphone;64gb
364;Smartphone Xiaomi Redmi Note 9 64GB - Verde (Verde);1249.0;11.0;Amazon;Smartphone;64gb
366;Smartphone Motorola G10 Power 64GB 4GB RAM Aurora Grey (Cinza);1164.0;30.0;Amazon;Smartphone;64gb
373;Xiaomi Redmi Note 9 64GB 3GB RAM - Versão Global - Polar White;1247.0;973.0;Amazon;Smartphone;64gb
376;Smartphone Xiaomi Redmi 9 64gb 4gb Ram Ocean Green Verde;1208.99;2008.0;Amazon;Smartphone;64gb
377;Xiaomi Poco X3-64Gb - 6Gb - 64Mpx - Shadow Gray;1540.0;2413.0;Amazon;Smartphone;64gb
388;Smartphone Xiaomi Redmi Note 8 4GB Ram Tela 6.3 64GB Camera Quad 48+8+2+2MP - Cinza;1239.28;268.0;Amazon;Smartphone;64gb
398;Smarphone Xiaomi Poco X3 6GB / 64GB NFC - Cobalt Blue;1529.99;1635.0;Amazon;Smartphone;64gb
400;Realme 6i 64GB Branco;1099.0;9.0;Amazon;Smartphone;64gb
402;Celular Motorola Moto E6s Azul Marinho 64gb Tela 6.1 4gb Ram Cam Dupla 13mp 2mp;1269.9;63.0;Amazon;Smartphone;64gb
404;SMARTPHONE XIAOMI REDMI 9C 64GB LARANJA;1059.0;220.0;Amazon;Smartphone;64gb
407;Celular Motorola Moto G20 Pink 64gb Tela 6.5 4gb Ram Camera 48mp 8mp 2mp 2mp;1263.9;6.0;Amazon;Smartphone;64gb
410;Celular Smartphone Xiaomi Redmi Note 8 4RAM 64GB Tela 6.3 LTE Dual Azul;1150.0;150.0;Amazon;Smartphone;64gb
418;Zenfone Max Pro M2 - 4GB 64GB , Titanium;1099.0;229.0;Amazon;Smartphone;64gb
423;Smartphone Xiaomi Redmi Note 9T 4GB + 64GB - Versão Global - Preto;1419.9;80.0;Amazon;Smartphone;64gb
425;"Smartphone Positivo Twist 4 S514 64GB Dual Chip 5.5"" - Preto";599.0;0.0;Amazon;Smartphone;64gb
427;"Smartphone Samsung Galaxy A11 64GB Dual Chip Tela 6.4"" Octa-Core Câmera Tripla 13MP+5MP+2MP Preto, SM-A115MZKGZTO";1375.98;22.0;Amazon;Smartphone;64gb
432;"Smartphone Positivo Twist 4 S514 64GB Dual Chip 5.5"" - Vermelho";574.9;1.0;Amazon;Smartphone;64gb
433;Redmi Note 10 64GB 4GB RAM - Green;1478.9;1446.0;Amazon;Smartphone;64gb
442;Smartphone Xiaomi Mi A3 64GB 4GB RAM Azul - Global;1778.0;2712.0;Amazon;Smartphone;64gb
447;Realme 7i Rmx2193 Lte Dual Sim 6.5 4gb/64gb Glory Silver;1007.0;35.0;Amazon;Smartphone;64gb
451;CEL XIAOMI REDMI 9C DUAL 64GB CINZA;1049.0;148.0;Amazon;Smartphone;64gb
452;Celular Smartphone Xiaomi Redmi Note 9 64gb 3gb RAM Global Forest Green (Verde Floresta) Lacrado;1335.0;238.0;Amazon;Smartphone;64gb
456;"SMARTPHONE G MAX 2, 64GB 2 GB RAM TELA 6,5"" HD CAMERA TRIPLA 8 MP, PROCESSADOR OCTA CORE DOURADO P9157";743.73;0.0;Amazon;Smartphone;64gb
463;"SMARTPHONE G MAX 2 64GB 2 GB RAM TELA 6,5"" HD+, CAMERA TRIPLA 8 MP, PROCESSADOR OCTA CORE PRETO P9156";790.36;0.0;Amazon;Smartphone;64gb
486;Xiaomi Poco M3 4GB+64GB Versão Global (POCO Yellow);1359.99;500.0;Amazon;Smartphone;64gb
492;Smartphone Xiaomi Redmi 9 India 64GB 4GB RAM Tela 6,53'' Android 10 Octa-Core Dual Sim - Laranja;1031.37;6.0;Amazon;Smartphone;64gb
493;Smartphone Xiaomi Redmi Note 10 PRO 64GB 6GB - Versão Global - Gradient Bronze;2589.22;16.0;Amazon;Smartphone;64gb
498;Smartphone Xioami Redmi 8 64GB Onyx Black [Preto];1196.49;2592.0;Amazon;Smartphone;64gb
499;Celular Motorola Moto G10 Cinza Aurora 64gb Tela 6.5 4gb Ram 48mp 8mp 2mp 2mp;1230.9;27.0;Amazon;Smartphone;64gb
504;Xiaomi Poco M3 4GB+64GB Versão Global (Power Black);1199.99;351.0;Amazon;Smartphone;64gb
507;"Smartphone Samsung A11 Azul 64GB Android 10 Tela 6.4"" Camera 13 MP";1379.0;111.0;Amazon;Smartphone;64gb
511;Smartphone Xiaomi Redmi Note 9S - 4GB + 64GB - Versão Global - Glacier White;1599.0;1938.0;Amazon;Smartphone;64gb
512;Smartphone Xiaomi Redmi Note 8 64GB Rom 4GB Ram Dual Versão Global Azul;1249.9;57.0;Amazon;Smartphone;64gb
513;Redmi Note 9 Midnight Grey 3GB RAM 64GB ROM;1189.0;985.0;Amazon;Smartphone;64gb
517;Celular Smartphone Xiaomi Redmi 9i 64GB Rom 4GB RAM Preto;1079.0;14.0;Amazon;Smartphone;64gb
522;Celular Xiaomi Redmi Note 10S 6/64GB Cinza Global;1559.0;299.0;Amazon;Smartphone;64gb
1250;Smartphone Motorola Moto G10 64GB 4G Wi-Fi Tela 6.5'' Dual Chip 4GB RAM Câmera Quádrupla + Selfie 8MP - Cinza Aurora;988.99;272.0;Americanas;Smartphone;64gb
1251;Smartphone Motorola Moto G10 64GB 4G Wi-Fi Tela 6.5'' Dual Chip 4GB RAM Câmera Quádrupla + Selfie 8MP - Branco Floral;988.99;278.0;Americanas;Smartphone;64gb
1253;Smartphone Moto G20 64GB 4G Wi-Fi Tela 6.5'' Dual Chip 4GB RAM Câmera Quádrupla + Selfie 13MP - Azul;1049.0;94.0;Americanas;Smartphone;64gb
1257;Smartphone Samsung Galaxy A12 64GB 4G Wi-Fi Tela 6.5'' Dual Chip 4GB RAM Câmera Quádrupla + Selfie 8MP - Branco;924.1;185.0;Americanas;Smartphone;64gb
1261;Smartphone Moto G20 64GB 4G Wi-Fi Tela 6.5'' Dual Chip 4GB RAM Câmera Quádrupla + Selfie 13MP - Pink;1049.0;40.0;Americanas;Smartphone;64gb
1262;Smartphone Samsung Galaxy M12 64GB 4G Wi-Fi Tela 6.5'' Dual Chip 4GB RAM Câmera Quádrupla + Selfie 8MP - Preto;902.84;118.0;Americanas;Smartphone;64gb
1265;Smartphone Samsung Galaxy A12 64GB 4G Wi-Fi Tela 6.5'' Dual Chip 4GB RAM Câmera Quádrupla + Selfie 8MP - Preto;955.57;301.0;Americanas;Smartphone;64gb
1273;Smartphone Motorola Moto E7 Dual Chip Android 10 Tela 6.5” 64GB Câmera 48MP + 2MP Frontal 5MP – Cinza Metálico;835.05;52.0;Americanas;Smartphone;64gb
1276;Smartphone Samsung Galaxy A12 64GB 4G Wi-Fi Tela 6.5'' Dual Chip 4GB RAM Câmera Quádrupla + Selfie 8MP - Azul;955.57;162.0;Americanas;Smartphone;64gb
1278;"Smartphone Motorola Moto E7 64GB Dual Chip Android 10 Tela 6.5"" Helio G25 Helio G25 (2,0 GHz Octa-Core) Câmera 48MP+2MP -  Cobre";835.05;48.0;Americanas;Smartphone;64gb
1281;Smartphone Samsung Galaxy M12 64GB 4G Wi-Fi Tela 6.5'' Dual Chip 4GB RAM Câmera Quádrupla + Selfie 8MP - Azul;925.35;74.0;Americanas;Smartphone;64gb
1284;Smartphone Samsung Galaxy A12 64GB 4G Wi-Fi Tela 6.5'' Dual Chip 4GB RAM Câmera Quádrupla + Selfie 8MP - Vermelho;924.1;110.0;Americanas;Smartphone;64gb
1296;Smartphone Samsung Galaxy M12 64GB 4G Wi-Fi Tela 6.5'' Dual Chip 4GB RAM Câmera Quádrupla + Selfie 8MP - Verde;938.21;52.0;Americanas;Smartphone;64gb
1297;Smartphone Motorola Moto E7 Plus 64GB 4G Wi-Fi Tela 6.5'' Dual Chip 4GB RAM Câmera Dupla + Selfie 8MP - Azul Navy;1044.05;444.0;Americanas;Smartphone;64gb
1299;Smartphone Motorola Moto G9 Play 64GB 4G Wi-Fi Tela 6.5'' Dual Chip 4GB RAM Câmera Tripla + Selfie 8MP - Verde Turquesa;1199.0;0.0;Americanas;Smartphone;64gb
1303;Smartphone asus Zenfone Max Pro M2, 6GB ram, 64GB, Titanium tela 6.26, 12MP + 5MP;881.39;10.0;Americanas;Smartphone;64gb
1307;Smartphone Samsung Galaxy A12 64GB 4G Wi-Fi Tela 6.5'' Dual Chip 4GB RAM Câmera Quádrupla + Selfie 8MP - Vermelho;924.1;2.0;Americanas;Smartphone;64gb
1310;Smartphone Motorola Moto G9 Play 64GB 4G Wi-Fi Tela 6.5'' Dual Chip 4GB RAM Câmera Tripla + Selfie 8MP - Azul Safira;1228.22;552.0;Americanas;Smartphone;64gb
1311;Smartphone LG K52 64GB 4G Wi-Fi Tela 6.6'' Dual Chip 3GB RAM Câmera Quádrupla + Selfie 8MP - Vermelho;854.05;46.0;Americanas;Smartphone;64gb
1313;Smartphone Samsung Galaxy A03s 64GB 4G Wi-Fi Tela 6,5'' Dual Chip 4GB RAM Câmera Tripla + Selfie 5MP - Azul;924.1;4.0;Americanas;Smartphone;64gb
1314;Smartphone Motorola Moto E6s 64GB 4G Wi-Fi Tela 6.1'' Dual Chip 4GB RAM Câmera Dupla + Selfie 5MP - Vermelho Magenta;806.55;92.0;Americanas;Smartphone;64gb
1317;Smartphone Motorola Moto E7 Plus 64GB 4G Wi-Fi Tela 6.5'' Dual Chip 4GB RAM Câmera Dupla + Selfie 8MP - Bronze Âmbar;1093.58;231.0;Americanas;Smartphone;64gb
1320;Smartphone LG K52 64GB 4G Wi-Fi Tela 6.6'' Dual Chip 3GB RAM Câmera Quádrupla + Selfie 8MP - Cinza;854.05;30.0;Americanas;Smartphone;64gb
1323;Smartphone LG K62 64GB 4G Wi-Fi Tela 6.6'' Dual Chip 4GB RAM Câmera Quádrupla + Selfie 13MP - Vermelho;1199.0;17.0;Americanas;Smartphone;64gb
1325;Smartphone LG K62 64GB 4G Wi-Fi Tela 6.6'' Dual Chip 4GB RAM Câmera Quádrupla + Selfie 13MP - Azul;929.66;16.0;Americanas;Smartphone;64gb
1335;Smartphone Samsung Galaxy A03s 64GB 4G Wi-Fi Tela 6,5'' Dual Chip 4GB RAM Câmera Tripla + Selfie 5MP - Vermelho;924.1;3.0;Americanas;Smartphone;64gb
1340;Smartphone Motorola Moto G9 Play 64GB 4G Wi-Fi Tela 6.5'' Dual Chip 4GB RAM Câmera Tripla + Selfie 8MP - Rosa Quartzo;1338.25;332.0;Americanas;Smartphone;64gb
1341;Smartphone Samsung Galaxy A03s 64GB 4G Wi-Fi Tela 6,5'' Dual Chip 4GB RAM Câmera Tripla + Selfie 5MP - Preto;924.1;0.0;Americanas;Smartphone;64gb
1343;Smartphone Samsung Galaxy A11 64GB 4G Wi-Fi Tela 6.4'' Dual Chip 3GB RAM Câmera Tripla + Selfie 8MP - Azul;999.0;308.0;Americanas;Smartphone;64gb
1345;Smartphone Motorola Moto E6s 64GB 4G Wi-Fi Tela 6.1'' Dual Chip 4GB RAM Câmera Dupla + Selfie 5MP - Azul Navy;806.55;162.0;Americanas;Smartphone;64gb
1352;Smartphone LG K52 64GB 4G Wi-Fi Tela 6.6'' Dual Chip 3GB RAM Câmera Quádrupla + Selfie 8MP - Verde;854.05;8.0;Americanas;Smartphone;64gb
1353;Smartphone Motorola Moto G8 64GB 4G Wi-Fi Tela 6.4'' Dual Chip 4GB RAM Câmera Tripla + Selfie 8MP - Azul Capri;1002.07;526.0;Americanas;Smartphone;64gb
1358;Smartphone Samsung Galaxy A11 64GB 4G Wi-Fi Tela 6.4'' Dual Chip 3GB RAM Câmera Tripla + Selfie 8MP - Preto;1439.1;291.0;Americanas;Smartphone;64gb
1360;Smartphone Samsung Galaxy A21s 64GB 4G Wi-Fi Tela 6.5'' Dual Chip 3GB RAM Câmera Quádrupla + Selfie 13MP - Azul;1999.9;190.0;Americanas;Smartphone;64gb
1363;Smartphone Samsung Galaxy A21s 64GB 4G Wi-Fi Tela 6.5'' Dual Chip 3GB RAM Câmera Quádrupla + Selfie 13MP - Branco;1999.0;209.0;Americanas;Smartphone;64gb
1365;Smartphone LG K22+ 64GB 4G Wi-Fi Tela 6.2'' Dual Chip 3GB RAM Câmera Dupla + Selfie 5MP - Vermelho;1099.0;93.0;Americanas;Smartphone;64gb
1366;Smartphone Samsung Galaxy A11 64GB 4G Wi-Fi Tela 6.4'' Dual Chip 3GB RAM Câmera Tripla + Selfie 8MP - Vermelho;999.0;205.0;Americanas;Smartphone;64gb
1372;Smartphone Xiaomi Redmi 9 64GB Dual Chip Android 10 Tela 6,53 4G Câmera Quadrupla Traseira 13MP+8MP+5MP+2MP - Roxo;1349.91;5.0;Americanas;Smartphone;64gb
1374;Smartphone LG K51s 64GB 4G Wi-Fi Tela 6.5'' Dual Chip 3GB RAM Câmera Quádrupla + Selfie 13MP - Titânio;1148.55;151.0;Americanas;Smartphone;64gb
1384;Smartphone Motorola Moto G8 Power Lite 64GB 4G Wi-Fi Tela 6.5'' Dual Chip 4GB RAM Câmera Tripla + Selfie 8MP - Azul Navy;1399.0;0.0;Americanas;Smartphone;64gb
1385;Smartphone Xiaomi Redmi Note 10 4GB ram 64GB Versão Global - Verde;1709.91;3.0;Americanas;Smartphone;64gb
1391;Smartphone Motorola Moto G8 Power Lite 64GB 4G Wi-Fi Tela 6.5'' Dual Chip 4GB RAM Câmera Tripla + Selfie 8MP - Aqua;1399.0;150.0;Americanas;Smartphone;64gb
1393;"Smartphone Samsung Galaxy A30s 64GB Dual Chip Android 9.0 Tela 6.4"" Octa-Core 4G Câmera Tripla 25MP + 5MP + 8MP - Preto";2529.0;977.0;Americanas;Smartphone;64gb
1394;Smartphone Samsung Galaxy A21s 64GB 4G Wi-Fi Tela 6.5'' Dual Chip 3GB RAM Câmera Quádrupla + Selfie 13MP - Preto;1999.0;124.0;Americanas;Smartphone;64gb
1395;Smartphone Xiaomi Redmi 9 64GB Dual Chip Android 10 Tela 6,53 4G Câmera Quadrupla Traseira 13MP+8MP+5MP+2MP - Cinza;1519.99;13.0;Americanas;Smartphone;64gb
1396;Smartphone Motorola Moto G8 Power 64GB 4G Wi-Fi Tela 6.4'' Dual Chip 4GB RAM Câmera Tripla + Selfie 16MP - Preto Titanium;1599.0;490.0;Americanas;Smartphone;64gb
1410;Smartphone Xiaomi Redmi Note 8 Preto - 64gb;1305.0;2.0;Americanas;Smartphone;64gb
1413;Smartphone Motorola Moto G8 Power 64GB 4G Wi-Fi Tela 6.4'' Dual Chip 4GB RAM Câmera Tripla + Selfie 16MP - Azul Atlântico;1474.39;488.0;Americanas;Smartphone;64gb
1415;Smartphone Xiaomi Redmi Note 10 4GB ram 64GB Versão Global - Branco;1709.91;6.0;Americanas;Smartphone;64gb
1421;Smartphone LG K51s 64GB 4G Wi-Fi Tela 6.5'' Dual Chip 3GB RAM Câmera Quádrupla + Selfie 13MP - Vermelho;1199.0;53.0;Americanas;Smartphone;64gb
1423;Smartphone LG K22+ 64GB 4G Wi-Fi Tela 6.2'' Dual Chip 3GB RAM Câmera Dupla + Selfie 5MP - Titânio;1044.05;190.0;Americanas;Smartphone;64gb
1424;Smartphone Xiaomi Redmi Note 8 - Branco 64gb;1349.91;3.0;Americanas;Smartphone;64gb
1425;Smartphone Xiaomi Redmi Note 10 4GB ram 64GB Versão Global - Cinza;1709.91;1.0;Americanas;Smartphone;64gb
1434;Smartphone Xiaomi Redmi 9 64GB 4G ram Tela 6,53 Câmera Quádrupla Traseira 13MP + 8MP + 5MP + 2MP Bateria 5020mAh Roxo;1519.99;4.0;Americanas;Smartphone;64gb
1437;Smartphone Xiaomi Redmi 9 64GB Dual Chip Android 10 Tela 6,53 4G Câmera Quadrupla Traseira 13MP+8MP+5MP+2MP - Verde;1519.99;6.0;Americanas;Smartphone;64gb
1440;Smartphone Motorola Moto G10 Power 64GB 4G Wi-fi Tela 6.5'' Dual Chip 4GB ram Câmera Quádrupla + Selfie 8MP - Breeze Blue (Azul);1248.5;4.0;Americanas;Smartphone;64gb
1449;Smartphone LG K22+ 64GB 4G Wi-Fi Tela 6.2'' Dual Chip 3GB RAM Câmera Dupla + Selfie 5MP - Azul;1098.99;26.0;Americanas;Smartphone;64gb
1453;Smartphone Xiaomi Redmi 9t 64gb 4gb Ram Dual Sim;1485.0;1.0;Americanas;Smartphone;64gb
1461;Smartphone Motorola One 64GB Dual Chip Android Oreo 8.1 Tela 5.9 2.0 Octa-Core 4G Câmera 13 + 2MP Branco;1299.0;0.0;Americanas;Smartphone;64gb
1469;Reembalado: Smartphone Motorola Moto G7 Plus Rubi XT1965 64GB Dual Chip Azul - Excelente;960.31;0.0;Americanas;Smartphone;64gb
1471;Smartphone Motorola G20 64GB 4GB ram Tela 6,5 Câmera Quádrupla Traseira 48MP + 8MP + 2MP + 2MP Frontal de 13MP Bateria de 5000mAh Grafite;1309.0;0.0;Americanas;Smartphone;64gb
1472;Smartphone Motorola Moto G8 Power 64GB 4G Wi-Fi Tela 6.4'' Dual Chip 4GB ram Câmera Tripla + Selfie 16MP - Preto Titanium;850.0;0.0;Americanas;Smartphone;64gb
1474;Smartphone Xiaomi Redmi Note 10S 64GB, 6GB ram, Tela de 6.43, Câmera Traseira Quádrupla, Android 11- Branco;1709.91;0.0;Americanas;Smartphone;64gb
1478;Smartphone Samsung Galaxy Xcover Pro 64GB 4G Wi-Fi Tela 6.3'' 4GB RAM Câmera Dupla + Selfie 13MP - Preto;2138.93;18.0;Americanas;Smartphone;64gb
1482;Smartphone Xiaomi Poco M3 Pro 64gb 4gb Ram 5g Global Preto;1728.37;0.0;Americanas;Smartphone;64gb
1487;"Smartphone Moto Z Power & Camera Edition Dual Chip Android 6.0 Tela 5,5"" 64GB Câmera 13MP - Branco";3569.99;3.0;Americanas;Smartphone;64gb
1495;Smartphone Xiaomi Redmi Note 10 5G 4GB ram 64GB Versão Global;1611.0;0.0;Americanas;Smartphone;64gb
2428;Smartphone Motorola Moto G10 Branco Floral 64GB, 4GB Ram, Tela de 6.5”, Câmera Traseira Quádrupla, Android 11 e Processador Qualcomm 460 Octa-Core;1199.0;1428.0;Casas Bahia;Smartphone;64gb
2429;"Smartphone Samsung Galaxy A12 Branco 64GB, Tela Infinita de 6.5"", Câmera Quádrupla, Bateria 5000mAh, 4GB RAM e Processador Octa-Core";1199.0;1784.0;Casas Bahia;Smartphone;64gb
2434;Smartphone LG K52 Cinza 64GB, Tela de 6.6”, Câmera Traseira Quádrupla, Android 10, Inteligência Artificial e Processador Octa-Core;899.0;785.0;Casas Bahia;Smartphone;64gb
2435;Smartphone Motorola Moto G10 Cinza Aurora 64GB, 4GB Ram, Tela de 6.5”, Câmera Traseira Quádrupla, Android 11 e Processador Qualcomm 460 Octa-Core;1199.0;1011.0;Casas Bahia;Smartphone;64gb
2440;Smartphone Motorola Moto E7 Plus Azul Navy 64GB, 4GB RAM, Tela de 6.5”, Câmera Traseira Dupla, Android 10 e Processador Octa-Core;1099.0;2226.0;Casas Bahia;Smartphone;64gb
2442;"Smartphone Motorola Moto e6s Azul Navy 64GB, Tela Max Vision de 6.1"", Câmera Traseira Dupla, Android 9.0, Processador Octa-Core e 2GB de RAM";899.0;1027.0;Casas Bahia;Smartphone;64gb
2446;"Smartphone Samsung Galaxy A11 Azul 64GB, Câmera Tripla,Tela Infinita de 6.4"", Leitor de Digital, Octa Core, 3GB RAM, Carregamento Rápido e Android 10";879.0;825.0;Casas Bahia;Smartphone;64gb
2449;Smartphone LG K22+ Vermelho 64GB, Tela de 6.2”, Câmera Traseira Dupla, Android 10, Inteligência Artificial e Processador Quad-Core;1529.1;774.0;Casas Bahia;Smartphone;64gb
2452;Smartphone Motorola Moto G20 Azul 64GB, 4GB RAM, Tela de 6.5”, Câmera Traseira Quádrupla, Android 11 e Processador Octa Core;1554.0;473.0;Casas Bahia;Smartphone;64gb
2454;Smartphone Motorola Moto G9 Play Verde Turquesa 64GB, 4GB RAM, Tela de 6.5”, Câmera Traseira Tripla, Android 10 e Processador Octa-Core;339.0;3459.0;Casas Bahia;Smartphone;64gb
2462;"Smartphone Samsung Galaxy A12 Preto 64GB, Tela Infinita de 6.5"", Câmera Quádrupla, Bateria 5000mAh, 4GB RAM e Processador Octa-Core";899.0;686.0;Casas Bahia;Smartphone;64gb
2463;Smartphone LG K52 Vermelho 64GB, Tela de 6.59”, Câmera Traseira Quádrupla, Android 10, Inteligência Artificial e Processador Octa-Core;1209.0;385.0;Casas Bahia;Smartphone;64gb
2464;"Smartphone Xiaomi Redmi Note 8 Dual SIM 64GB Tela 6.3"" Full HD Quad Cam 48+8+2+2MP/13MP HDR Desbloqueio Digital";919.9;285.0;Casas Bahia;Smartphone;64gb
2466;Smartphone Motorola Moto E7 Cinza Metálico 64GB, 4GB RAM, Tela de 6.5”, Câmera Traseira Dupla, Android 10 e Processador Octa-Core;899.0;185.0;Casas Bahia;Smartphone;64gb
2469;Smartphone LG K22+ Titan 64GB, Tela de 6.2”, Câmera Traseira Dupla, Android 10, Inteligência Artificial e Processador Quad-Core;759.0;1007.0;Casas Bahia;Smartphone;64gb
2472;"Smartphone Xiaomi Redmi Note 9 Branco 64GB, Tela de 6,53"", 3GB de RAM, Câmera Traseira Quádrupla, Android 10 e Processador Octa-Core";999.0;170.0;Casas Bahia;Smartphone;64gb
2473;"Smartphone Samsung Galaxy A11 Preto 64GB, Câmera Tripla,Tela Infinita de 6.4"", Leitor de Digital, Octa Core, 3GB RAM, Carregamento Rápido e Android 10";2999.0;703.0;Casas Bahia;Smartphone;64gb
2477;Smartphone Motorola Moto E7 Plus Bronze Âmbar 64GB, 4GB RAM, Tela de 6.5”, Câmera Traseira Dupla, Android 10 e Processador Octa-Core;989.0;767.0;Casas Bahia;Smartphone;64gb
2478;Smartphone LG K62 Azul 64GB, Tela de 6.6”, Câmera Traseira Quádrupla, Android 10, Inteligência Artificial e Processador Octa-Core;2999.0;146.0;Casas Bahia;Smartphone;64gb
2482;"Smartphone Samsung Galaxy M12 Preto 64GB, 4GB de RAM, Tela Infinita de 6.5"", Câmera Traseira Quádrupla, Selfie de 8MP, Octa Core, Bateria de 5000mAh";8199.0;177.0;Casas Bahia;Smartphone;64gb
2484;"Smartphone Moto G9 Play Azul Safira, com Tela de 6,5"", 4G, 64GB e Câmera de 48MP + 2MP + 2MP - XT2083-1";2239.0;16.0;Casas Bahia;Smartphone;64gb
2486;"Smartphone Samsung Galaxy A03s Azul 64GB, Tela Infinita de 6.5"", Câmera Tripla, Bateria 5000mAh, 4GB RAM e Processador Octa-Core";1129.0;5.0;Casas Bahia;Smartphone;64gb
2487;Smartphone Motorola Moto G8 Power Lite Azul Navy 64GB, 4 GB RAM, Tela de 6.5” HD+, Câmera Traseira Tripla, Android 9 e Processador Octa-Core;2299.0;718.0;Casas Bahia;Smartphone;64gb
2490;"Smartphone Xiaomi Redmi Note 9 Cinza 64GB, Tela de 6,53"", 3GB de RAM, Câmera Traseira Quádrupla, Android 10 e Processador Octa-Core";1088.0;109.0;Casas Bahia;Smartphone;64gb
2491;"Smartphone Samsung Galaxy M12 Verde 64GB, 4GB de RAM, Tela Infinita de 6.5"", Câmera Traseira Quádrupla, Selfie de 8MP, Octa Core, Bateria de 5000mAh";2777.0;80.0;Casas Bahia;Smartphone;64gb
2499;"Smartphone Motorola Moto G20 64GB 4GB RAM 6,5"" Câm Quádrupla de 48 MP + 8 MP + 2 MP + 2 MP";1179.0;10.0;Casas Bahia;Smartphone;64gb
2500;Smartphone Redmi Note 8 64GB/4GB - Azul;899.0;56.0;Casas Bahia;Smartphone;64gb
2511;"Smartphone Xiaomi Redmi 9C Azul 64GB, Tela de 6.53"", 3GB de RAM, Câmera Traseira Tripla, Android 10 e Processador Octa-Core";2150.0;172.0;Casas Bahia;Smartphone;64gb
2520;Smartphone Xiaomi Redmi Note 10 Cinza 64GB, 4GB RAM, Tela de 6.43”, Câmera Traseira Quádrupla, Android 11 e Processador Octa Core;4999.0;87.0;Casas Bahia;Smartphone;64gb
2525;Smartphone LG K22+ Azul 64GB, Tela de 6.2”, Câmera Traseira Dupla, Android 10, Inteligência Artificial e Processador Quad-Core;899.0;382.0;Casas Bahia;Smartphone;64gb
2528;Smartphone Motorola Moto G20 Pink 64GB, 4GB RAM, Tela de 6.5”, Câmera Traseira Quádrupla, Android 11 e Processador Octa Core;931.7;232.0;Casas Bahia;Smartphone;64gb
2530;"Smartphone Samsung Galaxy A11 Vermelho 64GB, Câmera Tripla,Tela Infinita 6.4"", Leitor de Digital, Octa Core, 3GB RAM, Carregamento Rápido e Android 10";1199.0;366.0;Casas Bahia;Smartphone;64gb
2531;Smartphone LG K52 Verde 64GB, Tela de 6.6”, Câmera Traseira Quádrupla, Android 10, Inteligência Artificial e Processador Octa-Core;1088.0;384.0;Casas Bahia;Smartphone;64gb
2533;"Smartphone Samsung Galaxy A12 Vermelho 64GB, Tela Infinita de 6.5"", Câmera Quádrupla, Bateria 5000mAh, 4GB RAM e Processador Octa-Core";2239.0;717.0;Casas Bahia;Smartphone;64gb
2534;Smartphone Motorola E6S 64GB 4GBRAM 4G Tela 6.1 Android 9.0;2099.0;4.0;Casas Bahia;Smartphone;64gb
2535;Smartphone Motorola Moto G8 Power Preto Titanium 64GB, Tela de 6.4” FHD+, Câmera Traseira Quádrupla, Android 10 e Processador Qualcomm Octa-Core;1759.9;1212.0;Casas Bahia;Smartphone;64gb
2536;Smartphone Motorola Moto G9 Play Azul Safira 64GB, 4GB RAM, Tela de 6.5”, Câmera Traseira Tripla, Android 10 e Processador Octa-Core;599.0;1627.0;Casas Bahia;Smartphone;64gb
2537;"Smartphone Samsung Galaxy M12 Azul 64GB, 4GB de RAM, Tela Infinita de 6.5"", Câmera Traseira Quádrupla, Selfie de 8MP, Octa Core, Bateria de 5000mAh";393.99;56.0;Casas Bahia;Smartphone;64gb
2538;"Smartphone Motorola Moto e6s Vermelho Magenta 64GB, Tela Max Vision de 6.1"", Câmera Traseira Dupla, Android 9.0, Processador Octa-Core e 2GB de RAM";2149.0;264.0;Casas Bahia;Smartphone;64gb
2544;Smartphone Motorola Moto G9 Play Rosa Quartzo 64GB, 4GB RAM, Tela de 6.5”, Câmera Traseira Tripla, Android 10 e Processador Octa-Core;1199.0;1757.0;Casas Bahia;Smartphone;64gb
2546;Smartphone LG K62 Vermelho 64GB, Tela de 6.6”, Câmera Traseira Quadrupla, Android 10, Inteligência Artificial e Processador Octa-Core;1609.0;96.0;Casas Bahia;Smartphone;64gb
2551;"Smartphone Samsung Galaxy A12 Azul 64GB, Tela Infinita de 6.5"", Câmera Quádrupla, Bateria 5000mAh, 4GB RAM e Processador Octa-Core";549.0;442.0;Casas Bahia;Smartphone;64gb
2553;"Smartphone Xiaomi Redmi Note 9 Verde 64GB, Tela de 6,53"", 3GB de RAM, Câmera Traseira Quádrupla, Android 10 e Processador Octa-Core";1332.0;104.0;Casas Bahia;Smartphone;64gb
2558;"Smartphone Positivo Twist 3 Pro S533 64GB Dual Chip Tela 5.7"" 3G WiFi Câmera 8MP Azul e Roxo";1330.0;5.0;Casas Bahia;Smartphone;64gb
2561;Smartphone ASUS Zenfone Max Pro (M2) 6GB/64GB Titanium;2999.0;0.0;Casas Bahia;Smartphone;64gb
2563;Smartphone ASUS Zenfone Max Pro M2 6GB 64GB Titanium;1499.0;8.0;Casas Bahia;Smartphone;64gb
2566;"Smartphone Xiaomi Redmi 9 Cinza 64GB, Tela de 6.53"", 4GB de RAM, Câmera Traseira Quádrupla, Android 10 e Processador Octa-Core";2799.0;256.0;Casas Bahia;Smartphone;64gb
2572;"Smartphone Asus ZenFone Max Shot ZB634KL Preto 64GB, Tela 6.2"", Dual Chip, Câmera Traseira Tripla, Android 8.1, Processador Octa Core e 4GB RAM";1649.0;159.0;Casas Bahia;Smartphone;64gb
2577;Smartphone ASUS Zenfone Max Pro (M2) 6GB/64GB Black Saphire;2220.0;0.0;Casas Bahia;Smartphone;64gb
2578;Smartphone Moto G20 64GB 4GB RAM 4G Wi-Fi Dual Chip Câmera Quádrupla Selfie 13MP Tela 6.5`` Azul;1649.0;42.0;Casas Bahia;Smartphone;64gb
2586;Smartphone Doogee S40 PRO (64GB / 4GB RAM) IP68 NFC Preto;3600.0;0.0;Casas Bahia;Smartphone;64gb
2593;Smartphone Samsung Galaxy A03s 64GB 4G Wi-Fi Tela 6,5`` Dual Chip 4GB RAM Câmera Tripla + Selfie 5MP - Vermelho;1298.0;0.0;Casas Bahia;Smartphone;64gb
2595;Smartphone Motorola Moto E7 64GB Dual Chip Android 10 Tela 6.5 Câmera 48MP + 2MP Frontal 5MP - Cinza Metálico;1398.0;0.0;Casas Bahia;Smartphone;64gb
2599;Smartphone Xia omi Red mi Note 9s 64gb Dual 4gb Versão Global;1129.0;0.0;Casas Bahia;Smartphone;64gb
2606;Smartphone Xi ao mi Red mi Note 9 64gb Dual 3gb Versão Global;4801.08;0.0;Casas Bahia;Smartphone;64gb
2611;Smartphone Xi ao mi Red mi Note 9 64gb Dual 3gb Versão Global;2039.0;0.0;Casas Bahia;Smartphone;64gb
2612;Smartphone Samsung Galaxy A03S 64GB Azul Câmera Tripla de 13MP e 4GB RAM Octa-core Tela Infinita 6.5;799.0;0.0;Casas Bahia;Smartphone;64gb
2621;Smartphone Multilaser GMax 2 64Gb + Kit Multilaser P9157K;1399.0;0.0;Casas Bahia;Smartphone;64gb
2623;Celular Red.mi Note 8 64gb 4gb Ram Azul;1299.99;0.0;Casas Bahia;Smartphone;64gb
2626;"Smartphone Samsung Galaxy A12 Vermelho 64GB, Tela Infinita de 6.5"", Câmera Quádrupla, Bateria 5000mAh, 4GB RAM e Processador Exynos 850";1969.0;1.0;Casas Bahia;Smartphone;64gb
2632;Celular LG Lmk520bmw K62 Dual 64gb com 4GB de Ram;1899.9;0.0;Casas Bahia;Smartphone;64gb
2633;"Smartphone Xiaomi Redmi Note 9, Dual Chip, Verde, Tela 6.53"", 4G+WiFi, Android, Câm.Traseira 48+8+2+2MP, Frontal 13MP, 64GB";4443.0;22.0;Casas Bahia;Smartphone;64gb
2638;Smartphone Moto G20 64GB 4GB RAM 4G Wi-Fi Dual Chip Câmera Quádrupla Selfie 13MP Tela 6.5`` Pink;2156.0;31.0;Casas Bahia;Smartphone;64gb
2641;"Smartphone Samsung Galaxy A21s Azul 64GB, Câmera Quádrupla,Tela Infinita de 6.5"", Leitor de Digital, 4GB RAM, Carregamento Rápido e Android 10";1319.0;514.0;Casas Bahia;Smartphone;64gb
2649;Smartphone Motorola Moto G8 Power Azul Atlântico 64GB, Tela de 6.4” FHD+, Câmera Traseira Quádrupla, Android 10 e Processador Qualcomm Octa-Core;1959.0;759.0;Casas Bahia;Smartphone;64gb
2652;Smartphone Xiaomi Redmi Note 8 4gb/64gb Dual – Space Black (Preto);6599.0;95.0;Casas Bahia;Smartphone;64gb
2654;Smartphone XiaomÍ RedmÍ 9 64GB 4GB Ram 4 Câmeras Cinza;2985.97;73.0;Casas Bahia;Smartphone;64gb
2655;Smartphone Xiaomi Redmi Note 9 64GB Tela 6,53 Câmera Quadrupla Traseira 48MP+8MP+2MP+2MP - Branco;679.0;0.0;Casas Bahia;Smartphone;64gb
2660;Celular Motorola G10 XT-2127-2 64GB / 4GB Ram;1790.0;0.0;Casas Bahia;Smartphone;64gb
2661;"Celular Samsung A12 64GB/ 4GB RAM/ 4G/ Dual SIM/ Tela de 6.5""/ Câmeras 48MP + 5MP + 2MP + 2MP - Preto";1199.9;0.0;Casas Bahia;Smartphone;64gb
2664;Smartphone Motorola Moto E7 XT2095-1 64GB 4GB RAM Tela de 6.5” Cam Traseira Dupla Android 10 e Processador Octa-Core Cinza Metálico;7723.97;32.0;Casas Bahia;Smartphone;64gb
2667;Smartphone Motorola G10 64GB 4G Wi-Fi Tela 6.5`` Dual Chip 4GB RAM Câmera Quádrupla + Selfie 8MP - Cinza Aurora;1265.0;0.0;Casas Bahia;Smartphone;64gb
2670;Smartphone Twist S514 64GB 1GB RAM Dual Chip Tela 5.5 Positivo;1492.0;0.0;Casas Bahia;Smartphone;64gb
2673;Smartphone Xiaomi Redmi 8 Azul Safira 4Gb Ram 64Gb;4497.87;0.0;Casas Bahia;Smartphone;64gb
2675;"Celular Pocophonne. X3 64GB/ 6GB RAM/ 4G/ Dual SIM/ Tela 6.67""/ Câmeras 64MP - Cinza (Global)";4568.84;0.0;Casas Bahia;Smartphone;64gb
2676;"Smartphone Samsung Galaxy A03s 64GB Preto 4GB RAM Tela 6.5""";7395.72;0.0;Casas Bahia;Smartphone;64gb
2680;Smartphone G9 Play 4GB RAM 64GB Tela 6,5 Motorola;4654.86;0.0;Casas Bahia;Smartphone;64gb
2681;Smartphone G9 Play 4GB RAM 64GB Tela 6,5 Motorola;1873.57;0.0;Casas Bahia;Smartphone;64gb
2682;"Smartphone Xiaomi Redmi 9C Cinza 64GB, Tela de 6.53"", 3GB de RAM, Câmera Traseira Tripla, Android 10 e Processador Octa-Core";2532.28;248.0;Casas Bahia;Smartphone;64gb
2683;"Smartphone Samsung Galaxy A03s 64GB - Azul, 4G, Câmera Tripla 13MP + Selfie 5MP, Processador Octa-core, RAM 4GB, Tela 6.5""";4497.87;0.0;Casas Bahia;Smartphone;64gb
3468;iPhone 11 Apple 64GB Roxo 6,1” 12MP iOS;3719.07;1.0;Magazine Luiza;Smartphone;64gb
3470;iPhone 11 Apple 64GB (PRODUCT)RED 6,1” 12MP iOS;3719.07;19.0;Magazine Luiza;Smartphone;64gb
3471;iPhone 11 Apple 64GB Preto 6,1” 12MP iOS;3719.07;80.0;Magazine Luiza;Smartphone;64gb
3473;iPhone XR Apple 64GB Preto 6,1” 12MP iOS;3399.0;88.0;Magazine Luiza;Smartphone;64gb
3476;Smartphone Samsung Galaxy A12 64GB Branco 4G;975.57;52.0;Magazine Luiza;Smartphone;64gb
3477;Smartphone Motorola Moto G10 64GB Branco Floral;1022.07;25.0;Magazine Luiza;Smartphone;64gb
3480;Smartphone Samsung Galaxy M12 64GB Verde 4G;1007.1;13.0;Magazine Luiza;Smartphone;64gb
3485;Smartphone Samsung Galaxy A12 64GB Vermelho 4G;975.57;23.0;Magazine Luiza;Smartphone;64gb
3486;Smartphone Samsung Galaxy M12 64GB Azul 4G;899.1;7.0;Magazine Luiza;Smartphone;64gb
3487;"Smartphone Motorola Moto G20 64GB 4G Tela 6.5"" Câmera Quádupla 48MP 8MP 2MP 2MP Frontal 13MP Azul";1058.4;2.0;Magazine Luiza;Smartphone;64gb
3489;Smartphone Motorola Moto G10 64GB Cinza Aurora;1022.07;22.0;Magazine Luiza;Smartphone;64gb
3492;Smartphone Samsung Galaxy A12 64GB Preto 4G;944.1;32.0;Magazine Luiza;Smartphone;64gb
3499;Smartphone Motorola Moto G20 64GB Pink 4G;1079.1;1.0;Magazine Luiza;Smartphone;64gb
3503;Smartphone Samsung Galaxy M12 64GB Preto 4G;959.0;3.0;Magazine Luiza;Smartphone;64gb
3514;Smartphone Samsung Galaxy A03s 64GB Azul 4G;944.1;0.0;Magazine Luiza;Smartphone;64gb
3515;"Smartphone LG K62 64GB Dual Chip Tela 6.59"" Câmera Quádrupla 48MP+5MP+2MP+2MP Frontal 13MP Vermelho";926.1;79.0;Magazine Luiza;Smartphone;64gb
3518;Smartphone Motorola Moto G20 64GB Azul 4G;1079.1;12.0;Magazine Luiza;Smartphone;64gb
3522;Smartphone Samsung Galaxy A03s 64GB Vermelho 4G;944.1;0.0;Magazine Luiza;Smartphone;64gb
3529;"Smartphone Motorola Moto G10 64GB 4GB RAM  Câmera Quádrupla 48MP Tela 6.5"" - Branco Floral";1084.9;0.0;Magazine Luiza;Smartphone;64gb
3532;Smartphone Moto G20 64GB 4G Wi-Fi Tela 6.5'' Dual Chip 4GB RAM Câmera Quádrupla + Selfie 13MP - Azul;1059.3;8.0;Magazine Luiza;Smartphone;64gb
3536;"Smartphone Samsung  Galaxy A12 Câmera Quádrupla Traseira Selfie de 8MP Tela Infinita de 6.5"" 64GB 4GB RAM OctaCore Bateria de 5000mAh Dual Chip Branco";947.67;0.0;Magazine Luiza;Smartphone;64gb
3537;"Smartphone LG K62 64GB Dual Chip Tela 6.59"" Câmera Quádrupla 48MP+5MP+2MP+2MP Frontal 13MP Azul";926.1;24.0;Magazine Luiza;Smartphone;64gb
3541;"Smartphone Motorola Moto G10 64GB 4GB RAM  Câmera Quádrupla 48MP Tela 6.5"" - Cinza Aurora";1079.9;4.0;Magazine Luiza;Smartphone;64gb
3542;Smartphone Samsung Galaxy A11 64GB Vermelho 4G;1169.1;67.0;Magazine Luiza;Smartphone;64gb
3546;"Smartphone Motorola Moto G9 Play 64GB 4GB RAM Câmera Tripla 48MP Tela 6.5"" - Verde Turquesa";1064.9;247.0;Magazine Luiza;Smartphone;64gb
3547;Smartphone LG K52 64GB Verde 4G Octa-Core 3GB RAM;1099.0;16.0;Magazine Luiza;Smartphone;64gb
3551;Smartphone Samsung Galaxy A03s 64GB Preto 4G;944.1;0.0;Magazine Luiza;Smartphone;64gb
3552;Smartphone Motorola Moto E7 64GB Cobre;989.1;0.0;Magazine Luiza;Smartphone;64gb
3554;Smartphone Motorola Moto G10 64GB Cinza Aurora;1173.9;0.0;Magazine Luiza;Smartphone;64gb
3558;Smartphone Xiaomi Redmi 9 64GB Cinza 4G Octa-Core;1394.07;9.0;Magazine Luiza;Smartphone;64gb
3565;Smartphone LG K52 64GB Vermelho 4G Octa-Core;929.07;27.0;Magazine Luiza;Smartphone;64gb
3581;Smartphone LG K52 64GB Cinza 4G Octa-Core 3GB RAM;1099.0;40.0;Magazine Luiza;Smartphone;64gb
3582;Smartphone Motorola Moto G10 64GB Branco Floral;1178.9;0.0;Magazine Luiza;Smartphone;64gb
3584;Smartphone Moto G20 64GB 4GB RAM 4G Wi-Fi Dual Chip Câmera Quádrupla Selfie 13MP Tela 6.5'' Pink;1215.05;0.0;Magazine Luiza;Smartphone;64gb
3585;"Smartphone Motorola Moto G20 64GB 4G Tela 6.5"" Câmera Quádupla 48MP 8MP 2MP 2MP Frontal 13MP Pink";1079.1;2.0;Magazine Luiza;Smartphone;64gb
3588;Smartphone Samsung Galaxy A12 64GB 4G Wi-Fi Tela 6.5'' Dual Chip 4GB RAM Câmera Quádrupla - Branco;1199.0;77.0;Magazine Luiza;Smartphone;64gb
3593;"Smartphone Motorola Moto E7 Plus 64GB 4G Tela 6.5"" Câmera Dupla 48MP 2MP Frontal 8MP Azul Navy";974.7;60.0;Magazine Luiza;Smartphone;64gb
3595;"Smartphone Motorola Moto G9 Play 64GB Tela 6.5"" Câmera Tripla 48MP Selfie 8MP Android 10";1129.55;13.0;Magazine Luiza;Smartphone;64gb
3596;"Smartphone Motorola Moto E7 64GB 4G Tela 6.5"" Câmera Dupla 48MP 2MP Frontal 5MP Cinza Metálico";845.1;266.0;Magazine Luiza;Smartphone;64gb
3599;Smartphone Motorola Moto E7 64GB Cinza Metálico;989.1;0.0;Magazine Luiza;Smartphone;64gb
3609;Smartphone Moto G9 Play 64GB Dual Tela 6.5 4G Wi-Fi Câmera 48MP + 2MP + 2MP - Verde Turquesa;1039.5;7.0;Magazine Luiza;Smartphone;64gb
3611;Smartphone Motorola One Fusion 64GB Azul Safira;1580.07;73.0;Magazine Luiza;Smartphone;64gb
3613;Smartphone Samsung Galaxy A11 64GB Azul 4G;1169.1;90.0;Magazine Luiza;Smartphone;64gb
3621;Smartphone Motorola Moto G9 Play, 64GB, 48MP, Tela 6.5, Rosa Quartzo + Capa Protetora - XT2083-1;1030.53;0.0;Magazine Luiza;Smartphone;64gb
3624;Smartphone Motorola Moto E7 XT2095-1 64GB 4GB RAM Tela de 6.5” Cam Traseira Dupla Android 10 e Processador Octa-Core Cinza Metálico;816.05;13.0;Magazine Luiza;Smartphone;64gb
3627;Smartphone Samsung Galaxy A12 64GB Preto 4G;975.57;0.0;Magazine Luiza;Smartphone;64gb
3635;Smartphone Xiaomi Poco X3 NFC 64GB Cinza Octa-Core;2650.41;0.0;Magazine Luiza;Smartphone;64gb
3637;Smartphone LG K51S 64GB Titânio 4G Octa-Core;979.0;95.0;Magazine Luiza;Smartphone;64gb
3640;Celular Samsung Galaxy A12 Preto 64GB Tela 6.5 4GB RAM Cam 48MP 5MP 2MP 2MP;1799.0;5.0;Magazine Luiza;Smartphone;64gb
3651;Smartphone Motorola One Preto 4Gb Ram 64Gb 5,9;1301.91;0.0;Magazine Luiza;Smartphone;64gb
3654;Smartphone ASUS Zenfone Max Pro M2 6GB 64GB Titanium;859.0;0.0;Magazine Luiza;Smartphone;64gb
3655;Smartphone Samsung Galaxy A30s 64GB Violeta 4G - 4GB RAM Tela 6,4” Câm. Tripla + Câm. Selfie 16MP;2374.05;4.0;Magazine Luiza;Smartphone;64gb
3662;Smartphone Positivo Twist 3 Pro S533 64GB Aurora;547.77;9.0;Magazine Luiza;Smartphone;64gb
3663;"Smartphone Motorola Moto G20 64GB 4GB Ram 4G Wi-Fi Câmera Quádrupla + Selfie 13MP Tela 6.5"" Grafite";1215.05;0.0;Magazine Luiza;Smartphone;64gb
3664;"Smartphone Motorola Moto G9 Play, Azul Safira,Tela 6.5"", 4G+Wi-Fi, Android 10,3 Câm Traseira 48/2/2MP, Frontal 8MP,64GB";1025.05;0.0;Magazine Luiza;Smartphone;64gb
3666;"Smartphone xiaomi redmi 9 tela 6,53"" 4gb/64gb 4g";1709.99;2.0;Magazine Luiza;Smartphone;64gb
3668;"Smartphone Motorola Moto G20  64GB 4GB RAM 4G Tela de 6,5"" Câmera Quádrupla + Selfie 13MP Dual Chip Rosa";1031.37;0.0;Magazine Luiza;Smartphone;64gb
3672;Smartphone Motorola Moto E7 Plus 64GB 4G Tela 6.5 Polegadas Câmera Dupla 48MP Selfie 8MP Android 10.0;1039.0;9.0;Magazine Luiza;Smartphone;64gb
3673;Smartphone Motorola Moto G50 XT2137-1 Dual SIM 64GB de 6.5 Cinza;1947.5;0.0;Magazine Luiza;Smartphone;64gb
3681;Celular Samsung Galaxy A-12 64GB Dual SM-A125MZKSZTO;1973.37;0.0;Magazine Luiza;Smartphone;64gb
3682;Smartphone Motorola G20 64GB, 4GB RAM, Octa-Core, Câmera Quadrupla, 5000mAh, Azul - PANG0000BR;1096.84;0.0;Magazine Luiza;Smartphone;64gb
3685;Smartphone Samsung Galaxy A21s 64GB Preto 4G - 4GB RAM 6,5” Câm. Quádrupla + Selfie 13MP;1388.9;0.0;Magazine Luiza;Smartphone;64gb
3689;Smartphone Nokia 2.4 64GB Roxo 4G Octa-Core;999.0;1.0;Magazine Luiza;Smartphone;64gb
3692;"Smartphone xiaomi redmi note 9 tela 6,53"" 3gb/64gb 4g";1799.99;1.0;Magazine Luiza;Smartphone;64gb
3696;Smartphone Samsung Galaxy A30s 64GB Violeta 4G - 4GB RAM Tela 6,4” Câm. Tripla + Câm. Selfie 16MP;1898.1;0.0;Magazine Luiza;Smartphone;64gb
3698;Smartphone Xiaomi Redmi Note 9 PRO 64GB Branco;2473.71;2.0;Magazine Luiza;Smartphone;64gb
3700;Smartphone Samsung Galaxy A21s 64GB Branco 4G - 4GB RAM 6,5” Câm. Quádrupla + Selfie 13MP;1410.75;0.0;Magazine Luiza;Smartphone;64gb
3701;Smartphone ASUS Zenfone Max Pro M2, 6GB RAM, 64GB, Titanium TELA 6.26”, 12MP+5MP;926.1;0.0;Magazine Luiza;Smartphone;64gb
3706;Smartphone Motorola Moto E7 64GB Dual Chip Android 10 Tela 6.5 Câmera 48MP + 2MP - Cinza Metálico;863.1;8.0;Magazine Luiza;Smartphone;64gb
3708;Smartphone LG K62 64GB Vermelho 4G Octa-Core;1199.0;6.0;Magazine Luiza;Smartphone;64gb
3712;Celular Samsung Galaxy A-12 64GB Dual SM-A125MZKSZTO;1973.37;3.0;Magazine Luiza;Smartphone;64gb
3713;Smartphone ASUS Zenfone Max Pro M2, 6GB 64GB, Black Saphire;859.0;0.0;Magazine Luiza;Smartphone;64gb
3722;Smartphone LG K22+ 64GB Blue 4G Quad-Core 3GB RAM - Tela 6,2” Câm. Dupla + Selfie 5MP Dual Chip;807.41;0.0;Magazine Luiza;Smartphone;64gb
3723;"Smartphone xiaomi redmi 9c tela 6,53"" 3gb/64gb";1529.99;6.0;Magazine Luiza;Smartphone;64gb
4339;Smartphone Motorola Moto G10 64GB 4G Wi-Fi Tela 6.5'' Dual Chip 4GB RAM Câmera Quádrupla + Selfie 8MP - Cinza Aurora;1058.0;14.0;Submarino;Smartphone;64gb
4340;"iPhone XR Apple (64GB) Branco Tela 6,1"" 4G Câmera Traseira 12MP iOS";3399.0;43.0;Submarino;Smartphone;64gb
4342;"iPhone 11 Apple (64GB) Branco Tela 6,1"" 4G Câmera 12MP iOS";4249.0;48.0;Submarino;Smartphone;64gb
4347;"iPhone 11 Apple (64GB) Preto Tela 6,1"" 4G Câmera 12MP iOS";3990.0;65.0;Submarino;Smartphone;64gb
4349;Smartphone Motorola Moto G10 64GB 4G Wi-Fi Tela 6.5'' Dual Chip 4GB RAM Câmera Quádrupla + Selfie 8MP - Branco Floral;1078.0;7.0;Submarino;Smartphone;64gb
4350;Smartphone Samsung Galaxy M12 64GB 4G Wi-Fi Tela 6.5'' Dual Chip 4GB RAM Câmera Quádrupla + Selfie 8MP - Preto;892.05;5.0;Submarino;Smartphone;64gb
4355;Smartphone Moto G20 64GB 4G Wi-Fi Tela 6.5'' Dual Chip 4GB RAM Câmera Quádrupla + Selfie 13MP - Azul;899.0;0.0;Submarino;Smartphone;64gb
4360;"iPhone 11 Apple (64GB) (PRODUCT)RED Tela 6,1"" 4G Wi-Fi Câmera 12MP iOS";4249.0;13.0;Submarino;Smartphone;64gb
4362;Smartphone Samsung Galaxy A12 64GB 4G Wi-Fi Tela 6.5'' Dual Chip 4GB RAM Câmera Quádrupla + Selfie 8MP - Branco;999.0;10.0;Submarino;Smartphone;64gb
4363;Smartphone Motorola Moto G10 64GB 4G Wi-Fi Tela 6.5'' Dual Chip 4GB RAM Câmera Quádrupla + Selfie 8MP - Cinza Aurora;1058.0;14.0;Submarino;Smartphone;64gb
4364;"iPhone XR Apple (64GB) Branco Tela 6,1"" 4G Câmera Traseira 12MP iOS";3399.0;43.0;Submarino;Smartphone;64gb
4366;"iPhone 11 Apple (64GB) Branco Tela 6,1"" 4G Câmera 12MP iOS";4249.0;48.0;Submarino;Smartphone;64gb
4371;"iPhone 11 Apple (64GB) Preto Tela 6,1"" 4G Câmera 12MP iOS";3990.0;65.0;Submarino;Smartphone;64gb
4373;Smartphone Motorola Moto G10 64GB 4G Wi-Fi Tela 6.5'' Dual Chip 4GB RAM Câmera Quádrupla + Selfie 8MP - Branco Floral;1078.0;7.0;Submarino;Smartphone;64gb
4374;Smartphone Samsung Galaxy M12 64GB 4G Wi-Fi Tela 6.5'' Dual Chip 4GB RAM Câmera Quádrupla + Selfie 8MP - Preto;892.05;5.0;Submarino;Smartphone;64gb
4379;Smartphone Moto G20 64GB 4G Wi-Fi Tela 6.5'' Dual Chip 4GB RAM Câmera Quádrupla + Selfie 13MP - Azul;899.0;0.0;Submarino;Smartphone;64gb
4384;"iPhone 11 Apple (64GB) (PRODUCT)RED Tela 6,1"" 4G Wi-Fi Câmera 12MP iOS";4249.0;13.0;Submarino;Smartphone;64gb
4386;Smartphone Samsung Galaxy A12 64GB 4G Wi-Fi Tela 6.5'' Dual Chip 4GB RAM Câmera Quádrupla + Selfie 8MP - Branco;999.0;10.0;Submarino;Smartphone;64gb
4387;Smartphone Motorola Moto G10 64GB 4G Wi-Fi Tela 6.5'' Dual Chip 4GB RAM Câmera Quádrupla + Selfie 8MP - Cinza Aurora;1058.0;14.0;Submarino;Smartphone;64gb
4388;"iPhone XR Apple (64GB) Branco Tela 6,1"" 4G Câmera Traseira 12MP iOS";3399.0;43.0;Submarino;Smartphone;64gb
4390;"iPhone 11 Apple (64GB) Branco Tela 6,1"" 4G Câmera 12MP iOS";4249.0;48.0;Submarino;Smartphone;64gb
4395;"iPhone 11 Apple (64GB) Preto Tela 6,1"" 4G Câmera 12MP iOS";3990.0;65.0;Submarino;Smartphone;64gb
4397;Smartphone Motorola Moto G10 64GB 4G Wi-Fi Tela 6.5'' Dual Chip 4GB RAM Câmera Quádrupla + Selfie 8MP - Branco Floral;1078.0;7.0;Submarino;Smartphone;64gb
4398;Smartphone Samsung Galaxy M12 64GB 4G Wi-Fi Tela 6.5'' Dual Chip 4GB RAM Câmera Quádrupla + Selfie 8MP - Preto;892.05;5.0;Submarino;Smartphone;64gb
4403;Smartphone Moto G20 64GB 4G Wi-Fi Tela 6.5'' Dual Chip 4GB RAM Câmera Quádrupla + Selfie 13MP - Azul;899.0;0.0;Submarino;Smartphone;64gb
4408;"iPhone 11 Apple (64GB) (PRODUCT)RED Tela 6,1"" 4G Wi-Fi Câmera 12MP iOS";4249.0;13.0;Submarino;Smartphone;64gb
4410;Smartphone Samsung Galaxy A12 64GB 4G Wi-Fi Tela 6.5'' Dual Chip 4GB RAM Câmera Quádrupla + Selfie 8MP - Branco;999.0;10.0;Submarino;Smartphone;64gb
4411;Smartphone Motorola Moto G10 64GB 4G Wi-Fi Tela 6.5'' Dual Chip 4GB RAM Câmera Quádrupla + Selfie 8MP - Cinza Aurora;1058.0;14.0;Submarino;Smartphone;64gb
4412;"iPhone XR Apple (64GB) Branco Tela 6,1"" 4G Câmera Traseira 12MP iOS";3399.0;43.0;Submarino;Smartphone;64gb
4414;"iPhone 11 Apple (64GB) Branco Tela 6,1"" 4G Câmera 12MP iOS";4249.0;48.0;Submarino;Smartphone;64gb
4419;"iPhone 11 Apple (64GB) Preto Tela 6,1"" 4G Câmera 12MP iOS";3990.0;65.0;Submarino;Smartphone;64gb
4421;Smartphone Motorola Moto G10 64GB 4G Wi-Fi Tela 6.5'' Dual Chip 4GB RAM Câmera Quádrupla + Selfie 8MP - Branco Floral;1078.0;7.0;Submarino;Smartphone;64gb
4422;Smartphone Samsung Galaxy M12 64GB 4G Wi-Fi Tela 6.5'' Dual Chip 4GB RAM Câmera Quádrupla + Selfie 8MP - Preto;892.05;5.0;Submarino;Smartphone;64gb
4427;Smartphone Moto G20 64GB 4G Wi-Fi Tela 6.5'' Dual Chip 4GB RAM Câmera Quádrupla + Selfie 13MP - Azul;899.0;0.0;Submarino;Smartphone;64gb
4432;"iPhone 11 Apple (64GB) (PRODUCT)RED Tela 6,1"" 4G Wi-Fi Câmera 12MP iOS";4249.0;13.0;Submarino;Smartphone;64gb
4434;Smartphone Samsung Galaxy A12 64GB 4G Wi-Fi Tela 6.5'' Dual Chip 4GB RAM Câmera Quádrupla + Selfie 8MP - Branco;999.0;10.0;Submarino;Smartphone;64gb
4435;Smartphone Motorola Moto G10 64GB 4G Wi-Fi Tela 6.5'' Dual Chip 4GB RAM Câmera Quádrupla + Selfie 8MP - Cinza Aurora;1058.0;14.0;Submarino;Smartphone;64gb
4436;"iPhone XR Apple (64GB) Branco Tela 6,1"" 4G Câmera Traseira 12MP iOS";3399.0;43.0;Submarino;Smartphone;64gb
4438;"iPhone 11 Apple (64GB) Branco Tela 6,1"" 4G Câmera 12MP iOS";4249.0;48.0;Submarino;Smartphone;64gb
4443;"iPhone 11 Apple (64GB) Preto Tela 6,1"" 4G Câmera 12MP iOS";3990.0;65.0;Submarino;Smartphone;64gb
4445;Smartphone Motorola Moto G10 64GB 4G Wi-Fi Tela 6.5'' Dual Chip 4GB RAM Câmera Quádrupla + Selfie 8MP - Branco Floral;1078.0;7.0;Submarino;Smartphone;64gb
4446;Smartphone Samsung Galaxy M12 64GB 4G Wi-Fi Tela 6.5'' Dual Chip 4GB RAM Câmera Quádrupla + Selfie 8MP - Preto;892.05;5.0;Submarino;Smartphone;64gb
4451;Smartphone Moto G20 64GB 4G Wi-Fi Tela 6.5'' Dual Chip 4GB RAM Câmera Quádrupla + Selfie 13MP - Azul;899.0;0.0;Submarino;Smartphone;64gb
4456;"iPhone 11 Apple (64GB) (PRODUCT)RED Tela 6,1"" 4G Wi-Fi Câmera 12MP iOS";4249.0;13.0;Submarino;Smartphone;64gb
4458;Smartphone Samsung Galaxy A12 64GB 4G Wi-Fi Tela 6.5'' Dual Chip 4GB RAM Câmera Quádrupla + Selfie 8MP - Branco;999.0;10.0;Submarino;Smartphone;64gb
4459;Smartphone Motorola Moto G10 64GB 4G Wi-Fi Tela 6.5'' Dual Chip 4GB RAM Câmera Quádrupla + Selfie 8MP - Cinza Aurora;1058.0;14.0;Submarino;Smartphone;64gb
4460;"iPhone XR Apple (64GB) Branco Tela 6,1"" 4G Câmera Traseira 12MP iOS";3399.0;43.0;Submarino;Smartphone;64gb
4462;"iPhone 11 Apple (64GB) Branco Tela 6,1"" 4G Câmera 12MP iOS";4249.0;48.0;Submarino;Smartphone;64gb
4467;"iPhone 11 Apple (64GB) Preto Tela 6,1"" 4G Câmera 12MP iOS";3990.0;65.0;Submarino;Smartphone;64gb
4469;Smartphone Motorola Moto G10 64GB 4G Wi-Fi Tela 6.5'' Dual Chip 4GB RAM Câmera Quádrupla + Selfie 8MP - Branco Floral;1078.0;7.0;Submarino;Smartphone;64gb
4470;Smartphone Samsung Galaxy M12 64GB 4G Wi-Fi Tela 6.5'' Dual Chip 4GB RAM Câmera Quádrupla + Selfie 8MP - Preto;892.05;5.0;Submarino;Smartphone;64gb
4475;Smartphone Moto G20 64GB 4G Wi-Fi Tela 6.5'' Dual Chip 4GB RAM Câmera Quádrupla + Selfie 13MP - Azul;899.0;0.0;Submarino;Smartphone;64gb
4480;"iPhone 11 Apple (64GB) (PRODUCT)RED Tela 6,1"" 4G Wi-Fi Câmera 12MP iOS";4249.0;13.0;Submarino;Smartphone;64gb
4482;Smartphone Samsung Galaxy A12 64GB 4G Wi-Fi Tela 6.5'' Dual Chip 4GB RAM Câmera Quádrupla + Selfie 8MP - Branco;999.0;10.0;Submarino;Smartphone;64gb
4483;Smartphone Motorola Moto G10 64GB 4G Wi-Fi Tela 6.5'' Dual Chip 4GB RAM Câmera Quádrupla + Selfie 8MP - Cinza Aurora;1058.0;14.0;Submarino;Smartphone;64gb
4484;"iPhone XR Apple (64GB) Branco Tela 6,1"" 4G Câmera Traseira 12MP iOS";3399.0;43.0;Submarino;Smartphone;64gb
4486;"iPhone 11 Apple (64GB) Branco Tela 6,1"" 4G Câmera 12MP iOS";4249.0;48.0;Submarino;Smartphone;64gb
4491;"iPhone 11 Apple (64GB) Preto Tela 6,1"" 4G Câmera 12MP iOS";3990.0;65.0;Submarino;Smartphone;64gb
4493;Smartphone Motorola Moto G10 64GB 4G Wi-Fi Tela 6.5'' Dual Chip 4GB RAM Câmera Quádrupla + Selfie 8MP - Branco Floral;1078.0;7.0;Submarino;Smartphone;64gb
4494;Smartphone Samsung Galaxy M12 64GB 4G Wi-Fi Tela 6.5'' Dual Chip 4GB RAM Câmera Quádrupla + Selfie 8MP - Preto;892.05;5.0;Submarino;Smartphone;64gb
4499;Smartphone Moto G20 64GB 4G Wi-Fi Tela 6.5'' Dual Chip 4GB RAM Câmera Quádrupla + Selfie 13MP - Azul;899.0;0.0;Submarino;Smartphone;64gb
4504;"iPhone 11 Apple (64GB) (PRODUCT)RED Tela 6,1"" 4G Wi-Fi Câmera 12MP iOS";4249.0;13.0;Submarino;Smartphone;64gb
4506;Smartphone Samsung Galaxy A12 64GB 4G Wi-Fi Tela 6.5'' Dual Chip 4GB RAM Câmera Quádrupla + Selfie 8MP - Branco;999.0;10.0;Submarino;Smartphone;64gb
4507;Smartphone Motorola Moto G10 64GB 4G Wi-Fi Tela 6.5'' Dual Chip 4GB RAM Câmera Quádrupla + Selfie 8MP - Cinza Aurora;1058.0;14.0;Submarino;Smartphone;64gb
4508;"iPhone XR Apple (64GB) Branco Tela 6,1"" 4G Câmera Traseira 12MP iOS";3399.0;43.0;Submarino;Smartphone;64gb
4510;"iPhone 11 Apple (64GB) Branco Tela 6,1"" 4G Câmera 12MP iOS";4249.0;48.0;Submarino;Smartphone;64gb
4515;"iPhone 11 Apple (64GB) Preto Tela 6,1"" 4G Câmera 12MP iOS";3990.0;65.0;Submarino;Smartphone;64gb
4517;Smartphone Motorola Moto G10 64GB 4G Wi-Fi Tela 6.5'' Dual Chip 4GB RAM Câmera Quádrupla + Selfie 8MP - Branco Floral;1078.0;7.0;Submarino;Smartphone;64gb
4518;Smartphone Samsung Galaxy M12 64GB 4G Wi-Fi Tela 6.5'' Dual Chip 4GB RAM Câmera Quádrupla + Selfie 8MP - Preto;892.05;5.0;Submarino;Smartphone;64gb
4523;Smartphone Moto G20 64GB 4G Wi-Fi Tela 6.5'' Dual Chip 4GB RAM Câmera Quádrupla + Selfie 13MP - Azul;899.0;0.0;Submarino;Smartphone;64gb
4528;"iPhone 11 Apple (64GB) (PRODUCT)RED Tela 6,1"" 4G Wi-Fi Câmera 12MP iOS";4249.0;13.0;Submarino;Smartphone;64gb
4530;Smartphone Samsung Galaxy A12 64GB 4G Wi-Fi Tela 6.5'' Dual Chip 4GB RAM Câmera Quádrupla + Selfie 8MP - Branco;999.0;10.0;Submarino;Smartphone;64gb
4531;Smartphone Motorola Moto G10 64GB 4G Wi-Fi Tela 6.5'' Dual Chip 4GB RAM Câmera Quádrupla + Selfie 8MP - Cinza Aurora;1058.0;14.0;Submarino;Smartphone;64gb
4532;"iPhone XR Apple (64GB) Branco Tela 6,1"" 4G Câmera Traseira 12MP iOS";3399.0;43.0;Submarino;Smartphone;64gb
4534;"iPhone 11 Apple (64GB) Branco Tela 6,1"" 4G Câmera 12MP iOS";4249.0;48.0;Submarino;Smartphone;64gb
4539;"iPhone 11 Apple (64GB) Preto Tela 6,1"" 4G Câmera 12MP iOS";3990.0;65.0;Submarino;Smartphone;64gb
4541;Smartphone Motorola Moto G10 64GB 4G Wi-Fi Tela 6.5'' Dual Chip 4GB RAM Câmera Quádrupla + Selfie 8MP - Branco Floral;1078.0;7.0;Submarino;Smartphone;64gb
4542;Smartphone Samsung Galaxy M12 64GB 4G Wi-Fi Tela 6.5'' Dual Chip 4GB RAM Câmera Quádrupla + Selfie 8MP - Preto;892.05;5.0;Submarino;Smartphone;64gb
4547;Smartphone Moto G20 64GB 4G Wi-Fi Tela 6.5'' Dual Chip 4GB RAM Câmera Quádrupla + Selfie 13MP - Azul;899.0;0.0;Submarino;Smartphone;64gb
4552;"iPhone 11 Apple (64GB) (PRODUCT)RED Tela 6,1"" 4G Wi-Fi Câmera 12MP iOS";4249.0;13.0;Submarino;Smartphone;64gb
4554;Smartphone Samsung Galaxy A12 64GB 4G Wi-Fi Tela 6.5'' Dual Chip 4GB RAM Câmera Quádrupla + Selfie 8MP - Branco;999.0;10.0;Submarino;Smartphone;64gb
4555;Smartphone Motorola Moto G10 64GB 4G Wi-Fi Tela 6.5'' Dual Chip 4GB RAM Câmera Quádrupla + Selfie 8MP - Cinza Aurora;1058.0;14.0;Submarino;Smartphone;64gb
4556;"iPhone XR Apple (64GB) Branco Tela 6,1"" 4G Câmera Traseira 12MP iOS";3399.0;43.0;Submarino;Smartphone;64gb
4558;"iPhone 11 Apple (64GB) Branco Tela 6,1"" 4G Câmera 12MP iOS";4249.0;48.0;Submarino;Smartphone;64gb
4563;"iPhone 11 Apple (64GB) Preto Tela 6,1"" 4G Câmera 12MP iOS";3990.0;65.0;Submarino;Smartphone;64gb
4565;Smartphone Motorola Moto G10 64GB 4G Wi-Fi Tela 6.5'' Dual Chip 4GB RAM Câmera Quádrupla + Selfie 8MP - Branco Floral;1078.0;7.0;Submarino;Smartphone;64gb
4566;Smartphone Samsung Galaxy M12 64GB 4G Wi-Fi Tela 6.5'' Dual Chip 4GB RAM Câmera Quádrupla + Selfie 8MP - Preto;892.05;5.0;Submarino;Smartphone;64gb
4571;Smartphone Moto G20 64GB 4G Wi-Fi Tela 6.5'' Dual Chip 4GB RAM Câmera Quádrupla + Selfie 13MP - Azul;899.0;0.0;Submarino;Smartphone;64gb
4576;"iPhone 11 Apple (64GB) (PRODUCT)RED Tela 6,1"" 4G Wi-Fi Câmera 12MP iOS";4249.0;13.0;Submarino;Smartphone;64gb
4578;Smartphone Samsung Galaxy A12 64GB 4G Wi-Fi Tela 6.5'' Dual Chip 4GB RAM Câmera Quádrupla + Selfie 8MP - Branco;999.0;10.0;Submarino;Smartphone;64gb
4579;Smartphone Motorola Moto G10 64GB 4G Wi-Fi Tela 6.5'' Dual Chip 4GB RAM Câmera Quádrupla + Selfie 8MP - Cinza Aurora;1058.0;14.0;Submarino;Smartphone;64gb
4580;"iPhone XR Apple (64GB) Branco Tela 6,1"" 4G Câmera Traseira 12MP iOS";3399.0;43.0;Submarino;Smartphone;64gb
4582;"iPhone 11 Apple (64GB) Branco Tela 6,1"" 4G Câmera 12MP iOS";4249.0;48.0;Submarino;Smartphone;64gb
4587;"iPhone 11 Apple (64GB) Preto Tela 6,1"" 4G Câmera 12MP iOS";3990.0;65.0;Submarino;Smartphone;64gb
4589;Smartphone Motorola Moto G10 64GB 4G Wi-Fi Tela 6.5'' Dual Chip 4GB RAM Câmera Quádrupla + Selfie 8MP - Branco Floral;1078.0;7.0;Submarino;Smartphone;64gb
4590;Smartphone Samsung Galaxy M12 64GB 4G Wi-Fi Tela 6.5'' Dual Chip 4GB RAM Câmera Quádrupla + Selfie 8MP - Preto;892.05;5.0;Submarino;Smartphone;64gb
4595;Smartphone Moto G20 64GB 4G Wi-Fi Tela 6.5'' Dual Chip 4GB RAM Câmera Quádrupla + Selfie 13MP - Azul;899.0;0.0;Submarino;Smartphone;64gb
4600;"iPhone 11 Apple (64GB) (PRODUCT)RED Tela 6,1"" 4G Wi-Fi Câmera 12MP iOS";4249.0;13.0;Submarino;Smartphone;64gb
4602;Smartphone Samsung Galaxy A12 64GB 4G Wi-Fi Tela 6.5'' Dual Chip 4GB RAM Câmera Quádrupla + Selfie 8MP - Branco;999.0;10.0;Submarino;Smartphone;64gb
